solver,derivative,problem,start,extent,m,n,elapsed_ms,termination,lre,final_cost,lambda,gradient_inf_norm,step_norm,iterations,function_evaluations,jacobian_evaluations,linear_solves,accepted_steps,rejected_steps
levmar,analytic,Bennett5,start1,dynamic,154,3,5.9189230000000004,small_step,8.3603093429862625,0.00026202372036310224,111868.5357404973,1.4467990264166453e-08,1.1298042046699246e-17,377,739,363,377,362,14
levmar,analytic,Bennett5,start1,static,154,3,5.7984900000000001,small_step,8.3603093429862625,0.00026202372036310224,111868.5357404973,1.4467990264166453e-08,1.1298042046699246e-17,377,739,363,377,362,14
levmar,analytic,Bennett5,start2,dynamic,154,3,9.2078379999999989,small_step,8.3791209234134936,0.00026202372036312241,10430.663115707743,1.5434600555974676e-08,1.3414221119159631e-16,588,1164,577,588,576,11
levmar,analytic,Bennett5,start2,static,154,3,9.2035400000000003,small_step,8.3791209234134936,0.00026202372036312241,10430.663115707743,1.5434600555974676e-08,1.3414221119159631e-16,588,1164,577,588,576,11
levmar,analytic,BoxBOD,start1,dynamic,6,2,0.025579999999999999,small_step,9.0179516645904556,584.00443827777576,13196368.137590626,1.1055418511318749e-05,1.4658341608911525e-17,65,101,37,65,36,28
levmar,analytic,BoxBOD,start1,static,6,2,0.047262000000000005,small_step,9.0179516645904556,584.00443827777576,13196368.137590626,1.1055418511318749e-05,1.4658341608911525e-17,65,101,37,65,36,28
levmar,analytic,BoxBOD,start2,dynamic,6,2,0.0086569999999999998,small_step,8.4853534534925679,584.00443827777576,5611299.3121070275,3.761154626147345e-05,4.8210514389612667e-17,24,37,14,24,13,10
levmar,analytic,BoxBOD,start2,static,6,2,0.0079249999999999998,small_step,8.4853534534925679,584.00443827777576,5611299.3121070275,3.761154626147345e-05,4.8210514389612667e-17,24,37,14,24,13,10
levmar,analytic,Chwirut1,start1,dynamic,214,3,0.34335500000000002,small_cost_reduction,9.6925084227207474,1192.2385696546751,6.8509747815634976e-07,3.2685575661162147e-05,6.9203745582523876e-10,19,34,15,19,14,5
levmar,analytic,Chwirut1,start1,static,214,3,0.33200299999999999,small_cost_reduction,9.6925084227207474,1192.2385696546751,6.8509747815634976e-07,3.2685575661162147e-05,6.9203745582523876e-10,19,34,15,19,14,5
levmar,analytic,Chwirut1,start2,dynamic,214,3,0.16137299999999999,small_cost_reduction,9.9580808779727796,1192.2385696546746,1.5241579027587254e-08,3.4547943698726158e-05,5.6525496480956542e-10,8,17,9,8,8,0
levmar,analytic,Chwirut1,start2,static,214,3,0.17863699999999999,small_cost_reduction,9.9580808779727796,1192.2385696546746,1.5241579027587254e-08,3.4547943698726158e-05,5.6525496480956542e-10,8,17,9,8,8,0
levmar,analytic,Chwirut2,start1,dynamic,54,3,0.090255000000000002,small_cost_reduction,9.7215625543943691,256.52401470343273,5.4807798252507981e-06,1.0813815833898843e-06,6.0831668817180611e-10,21,36,15,21,14,7
levmar,analytic,Chwirut2,start1,static,54,3,0.091006000000000004,small_cost_reduction,9.7215625543943691,256.52401470343273,5.4807798252507981e-06,1.0813815833898843e-06,6.0831668817180611e-10,21,36,15,21,14,7
levmar,analytic,Chwirut2,start2,dynamic,54,3,0.043964999999999997,small_cost_reduction,9.8805846119551539,256.52401470343278,7.8394856523906701e-08,7.9614858350396389e-07,4.2126669533907379e-10,9,18,9,9,8,1
levmar,analytic,Chwirut2,start2,static,54,3,0.042722999999999997,small_cost_reduction,9.8805846119551539,256.52401470343278,7.8394856523906701e-08,7.9614858350396389e-07,4.2126669533907379e-10,9,18,9,9,8,1
levmar,analytic,DanWood,start1,dynamic,6,2,0.012003,small_step,11,0.0021586542041455081,0.16600159608396234,1.6264767310758543e-14,1.3204670277952571e-16,23,33,11,23,10,12
levmar,analytic,DanWood,start1,static,6,2,0.011953,small_step,11,0.0021586542041455081,0.16600159608396234,1.6264767310758543e-14,1.3204670277952571e-16,23,33,11,23,10,12
levmar,analytic,DanWood,start2,dynamic,6,2,0.007254,small_step,11,0.0021586542041455246,6.1370703246456317,3.5138558729386205e-14,1.6947928495007785e-16,19,26,8,19,7,11
levmar,analytic,DanWood,start2,static,6,2,0.020299999999999999,small_step,11,0.0021586542041455246,6.1370703246456317,3.5138558729386205e-14,1.6947928495007785e-16,19,26,8,19,7,11
levmar,analytic,Eckerle4,start1,dynamic,35,3,0.24049600000000002,small_step,10.52017302120227,0.00073179437436373502,709.36328423521059,4.5822544608519568e-14,8.0457411422554562e-17,95,144,50,95,49,45
levmar,analytic,Eckerle4,start1,static,35,3,0.29649400000000004,small_step,10.52017302120227,0.00073179437436373502,709.36328423521059,4.5822544608519568e-14,8.0457411422554562e-17,95,144,50,95,49,45
levmar,analytic,Eckerle4,start2,dynamic,35,3,0.045658000000000004,small_step,10.627002547194913,0.00073179437436373534,178755.12924265605,1.1093648289544676e-12,7.592500557153226e-18,19,28,10,19,9,9
levmar,analytic,Eckerle4,start2,static,35,3,0.045207000000000004,small_step,10.627002547194913,0.00073179437436373534,178755.12924265605,1.1093648289544676e-12,7.592500557153226e-18,19,28,10,19,9,9
levmar,analytic,ENSO,start1,dynamic,168,9,2.8480400000000001,small_cost_reduction,6.9652518876959935,394.26989334145583,0.001646223545920543,1.8976956186189664e-06,1.1062698536964327e-07,41,78,37,41,36,5
levmar,analytic,ENSO,start1,static,168,9,2.8992599999999999,small_cost_reduction,6.9652518876959935,394.26989334145583,0.001646223545920543,1.8976956186189664e-06,1.1062698536964327e-07,41,78,37,41,36,5
levmar,analytic,ENSO,start2,dynamic,168,9,2.7229179999999999,small_cost_reduction,6.9177264415425261,394.26989334145588,0.0001755065094911104,2.06455340134859e-06,1.2060127711414942e-07,37,75,38,37,37,0
levmar,analytic,ENSO,start2,static,168,9,2.7105440000000001,small_cost_reduction,6.9177264415425261,394.26989334145588,0.0001755065094911104,2.06455340134859e-06,1.2060127711414942e-07,37,75,38,37,37,0
levmar,analytic,Gauss1,start1,dynamic,250,8,0.81184400000000001,small_step,8.7081460997661164,657.91112160168836,14826665439.902866,0.0082046996762983326,3.2474958842803291e-19,16,21,6,16,5,10
levmar,analytic,Gauss1,start1,static,250,8,0.78881899999999994,small_step,8.7081460997661164,657.91112160168836,14826665439.902866,0.0082046996762983326,3.2474958842803291e-19,16,21,6,16,5,10
levmar,analytic,Gauss1,start2,dynamic,250,8,0.96023099999999995,small_step,8.6483852700230699,657.91112160168825,308888863.33130968,0.010056837233150873,3.6125508497655817e-17,20,26,7,20,6,13
levmar,analytic,Gauss1,start2,static,250,8,0.968167,small_step,8.6483852700230699,657.91112160168825,308888863.33130968,0.010056837233150873,3.6125508497655817e-17,20,26,7,20,6,13
levmar,analytic,Gauss2,start1,dynamic,250,8,0.55622799999999994,small_cost_reduction,10.33125018509867,623.76410461549926,9.1449474165523525e-08,7.9438905231654644e-08,2.2690491879370728e-09,8,16,8,8,7,1
levmar,analytic,Gauss2,start1,static,250,8,0.56566699999999992,small_cost_reduction,10.33125018509867,623.76410461549926,9.1449474165523525e-08,7.9438905231654644e-08,2.2690491879370728e-09,8,16,8,8,7,1
levmar,analytic,Gauss2,start2,dynamic,250,8,0.66503999999999996,small_cost_reduction,10.328448492670683,623.76410461549938,4.6822130772748045e-05,6.2832441471982747e-09,5.1248111837558898e-09,11,19,8,11,7,4
levmar,analytic,Gauss2,start2,static,250,8,0.69283300000000003,small_cost_reduction,10.328448492670683,623.76410461549938,4.6822130772748045e-05,6.2832441471982747e-09,5.1248111837558898e-09,11,19,8,11,7,4
levmar,analytic,Gauss3,start1,dynamic,250,8,0.85033799999999993,small_cost_reduction,10.46088517978874,622.2423180065781,0.002311279108191901,1.4615161489928141e-06,2.38365152310748e-09,15,24,9,15,8,7
levmar,analytic,Gauss3,start1,static,250,8,0.89950299999999994,small_cost_reduction,10.46088517978874,622.2423180065781,0.002311279108191901,1.4615161489928141e-06,2.38365152310748e-09,15,24,9,15,8,7
levmar,analytic,Gauss3,start2,dynamic,250,8,1.029736,small_step,9.1377248928422237,622.2423180065781,222132366.25934464,4.6902976009732811e-05,1.1216968350519373e-17,20,27,8,20,7,12
levmar,analytic,Gauss3,start2,static,250,8,1.0057,small_step,9.1377248928422237,622.2423180065781,222132366.25934464,4.6902976009732811e-05,1.1216968350519373e-17,20,27,8,20,7,12
levmar,analytic,Hahn1,start1,dynamic,236,7,1.1868300000000001,small_step,7.9859261925126841,0.76621914268030933,574.48792298041712,0.034103443846106529,4.311515104500734e-19,26,42,17,26,16,9
levmar,analytic,Hahn1,start1,static,236,7,1.1598380000000001,small_step,7.9859261925126841,0.76621914268030933,574.48792298041712,0.034103443846106529,4.311515104500734e-19,26,42,17,26,16,9
levmar,analytic,Hahn1,start2,dynamic,236,7,1.340619,small_step,9.9940903157916221,0.76621914268030744,8.3419679426045441,0.00037682754918932915,1.0556332540002465e-16,29,48,20,29,19,9
levmar,analytic,Hahn1,start2,static,236,7,1.3297079999999999,small_step,9.9940903157916221,0.76621914268030744,8.3419679426045441,0.00037682754918932915,1.0556332540002465e-16,29,48,20,29,19,9
levmar,analytic,Kirby2,start1,dynamic,151,5,0.47550199999999998,small_step,9.7576504508162785,1.9525369811954274,456.77988320069454,0.0002817218191921711,9.6276527184170383e-17,26,38,13,26,12,13
levmar,analytic,Kirby2,start1,static,151,5,0.46060200000000001,small_step,9.7576504508162785,1.9525369811954274,456.77988320069454,0.0002817218191921711,9.6276527184170383e-17,26,38,13,26,12,13
levmar,analytic,Kirby2,start2,dynamic,151,5,0.36022799999999999,small_step,8.5061377793161057,1.9525369811954238,3331.4382877213234,0.002514040214009583,2.0113738557172404e-16,20,28,9,20,8,11
levmar,analytic,Kirby2,start2,static,151,5,0.33971899999999999,small_step,8.5061377793161057,1.9525369811954238,3331.4382877213234,0.002514040214009583,2.0113738557172404e-16,20,28,9,20,8,11
levmar,analytic,Lanczos1,start1,dynamic,24,6,0.53950500000000001,small_step,10.557822200644596,7.1364679465680927e-26,0.21248947010065178,3.8790240167537275e-16,7.2563671702550095e-17,112,209,98,112,97,14
levmar,analytic,Lanczos1,start1,static,24,6,0.53799299999999994,small_step,10.557822200644596,7.1364679465680927e-26,0.21248947010065178,3.8790240167537275e-16,7.2563671702550095e-17,112,209,98,112,97,14
levmar,analytic,Lanczos1,start2,dynamic,24,6,0.46839800000000004,small_gradient,10.552593345221378,7.1401301216166445e-26,2.246010356456982e-11,1.1412069495115437e-16,6.3062955820989557e-13,95,185,90,95,89,6
levmar,analytic,Lanczos1,start2,static,24,6,0.46346799999999999,small_gradient,10.552593345221378,7.1401301216166445e-26,2.246010356456982e-11,1.1412069495115437e-16,6.3062955820989557e-13,95,185,90,95,89,6
levmar,analytic,Lanczos2,start1,dynamic,24,6,0.5265200000000001,small_gradient,10.403303614559665,1.1149714061711793e-11,4.7721383264679105e-12,4.3145174752431784e-17,2.7802596429177555e-10,96,191,95,96,94,2
levmar,analytic,Lanczos2,start1,static,24,6,0.46649499999999999,small_gradient,10.403303614559665,1.1149714061711793e-11,4.7721383264679105e-12,4.3145174752431784e-17,2.7802596429177555e-10,96,191,95,96,94,2
levmar,analytic,Lanczos2,start2,dynamic,24,6,0.47101300000000001,small_step,9.5292194386147067,1.1149714060759096e-11,2.5224478076496082,7.7400976041547428e-16,5.2269745808168621e-17,99,185,87,99,86,12
levmar,analytic,Lanczos2,start2,static,24,6,0.48514100000000004,small_step,9.5292194386147067,1.1149714060759096e-11,2.5224478076496082,7.7400976041547428e-16,5.2269745808168621e-17,99,185,87,99,86,12
levmar,analytic,Lanczos3,start1,dynamic,24,6,0.55184,small_step,7.6722157106936208,8.058596796776732e-09,22.852556134063924,6.6955660212305465e-16,1.433136025016091e-17,114,213,100,114,99,14
levmar,analytic,Lanczos3,start1,static,24,6,0.52599899999999999,small_step,7.6722157106936208,8.058596796776732e-09,22.852556134063924,6.6955660212305465e-16,1.433136025016091e-17,114,213,100,114,99,14
levmar,analytic,Lanczos3,start2,dynamic,24,6,0.54154999999999998,small_step,8.780292369574898,8.0585967967730626e-09,1.3716052985180003,3.7248142168354339e-16,8.9247685734849059e-17,104,195,92,104,91,12
levmar,analytic,Lanczos3,start2,static,24,6,0.483016,small_step,8.780292369574898,8.0585967967730626e-09,1.3716052985180003,3.7248142168354339e-16,8.9247685734849059e-17,104,195,92,104,91,12
levmar,analytic,MGH09,start1,dynamic,11,4,0.136104,small_step,7.7477762608209009,0.00015375280192461859,1518574.6466298292,1.5943626193587468e-11,1.0509184012714926e-17,109,186,78,109,77,31
levmar,analytic,MGH09,start1,static,11,4,0.13051299999999999,small_step,7.7477762608209009,0.00015375280192461859,1518574.6466298292,1.5943626193587468e-11,1.0509184012714926e-17,109,186,78,109,77,31
levmar,analytic,MGH09,start2,dynamic,11,4,0.048864999999999999,small_step,7.5630685187925302,0.00015375280192461853,23057161.462747134,4.6508023127111997e-11,2.0728426573471086e-18,40,67,28,40,27,12
levmar,analytic,MGH09,start2,static,11,4,0.045096999999999998,small_step,7.5630685187925302,0.00015375280192461853,23057161.462747134,4.6508023127111997e-11,2.0728426573471086e-18,40,67,28,40,27,12
levmar,analytic,MGH10,start1,dynamic,16,3,14.882057000000001,max_iterations,-0,732683.11436410132,9.9999999999999998e-17,9.7197185728110661e+48,0.38517934231208323,10000,19956,9956,10000,9955,45
levmar,analytic,MGH10,start1,static,16,3,14.184234,max_iterations,-0,732683.11436410132,9.9999999999999998e-17,9.7197185728110661e+48,0.38517934231208323,10000,19956,9956,10000,9955,45
levmar,analytic,MGH10,start2,dynamic,16,3,0.230877,small_step,10.921838131299593,43.972927585339171,211.96506609990971,0.00019484339281916618,1.6660734576423752e-16,164,310,147,164,146,17
levmar,analytic,MGH10,start2,static,16,3,0.21926500000000002,small_step,10.921838131299593,43.972927585339171,211.96506609990971,0.00019484339281916618,1.6660734576423752e-16,164,310,147,164,146,17
levmar,analytic,MGH17,start1,dynamic,33,5,2.2041529999999998,small_step,7.4434383557914696,2.7324473487413087e-05,225.24771064022096,8.9267673027831895e-10,2.6072795299654244e-17,422,802,381,422,380,41
levmar,analytic,MGH17,start1,static,33,5,2.1365419999999999,small_step,7.4434383557914696,2.7324473487413087e-05,225.24771064022096,8.9267673027831895e-10,2.6072795299654244e-17,422,802,381,422,380,41
levmar,analytic,MGH17,start2,dynamic,33,5,0.124711,small_step,9.7613138893093616,2.7324473487412816e-05,204.744791319922,4.7964367801958327e-12,4.8207482368306898e-18,27,43,17,27,16,10
levmar,analytic,MGH17,start2,static,33,5,0.12167500000000001,small_step,9.7613138893093616,2.7324473487412816e-05,204.744791319922,4.7964367801958327e-12,4.8207482368306898e-18,27,43,17,27,16,10
levmar,analytic,Misra1a,start1,dynamic,14,2,0.022483000000000003,small_step,10.726647744299786,0.062275694472197038,55524.258901809961,1.0454314178787172e-06,8.5632557794455901e-18,29,43,15,29,14,14
levmar,analytic,Misra1a,start1,static,14,2,0.025097999999999999,small_step,10.726647744299786,0.062275694472197038,55524.258901809961,1.0454314178787172e-06,8.5632557794455901e-18,29,43,15,29,14,14
levmar,analytic,Misra1a,start2,dynamic,14,2,0.011491999999999999,small_step,11,0.062275694472194505,147.54762675591405,8.3928171079605818e-09,1.4722730954086429e-16,17,24,8,17,7,9
levmar,analytic,Misra1a,start2,static,14,2,0.01044,small_step,11,0.062275694472194505,147.54762675591405,8.3928171079605818e-09,1.4722730954086429e-16,17,24,8,17,7,9
levmar,analytic,Misra1b,start1,dynamic,14,2,0.020931000000000002,small_step,10.928102695780151,0.037732340766696452,18767.522808671369,1.4381839719135314e-07,2.6490463325495541e-18,18,26,9,18,8,9
levmar,analytic,Misra1b,start1,static,14,2,0.018595999999999998,small_step,10.928102695780151,0.037732340766696452,18767.522808671369,1.4381839719135314e-07,2.6490463325495541e-18,18,26,9,18,8,9
levmar,analytic,Misra1b,start2,dynamic,14,2,0.015480000000000001,small_step,10.958036717000381,0.03773234076669154,46.56046387949489,5.5988493841141462e-09,1.4354842703328984e-16,18,26,9,18,8,9
levmar,analytic,Misra1b,start2,static,14,2,0.014447999999999999,small_step,10.958036717000381,0.03773234076669154,46.56046387949489,5.5988493841141462e-09,1.4354842703328984e-16,18,26,9,18,8,9
levmar,analytic,Misra1c,start1,dynamic,14,2,0.017954999999999999,small_step,10.801773371800595,0.020483418485340806,19.332365207267987,3.7471181713044643e-10,6.3677110094350855e-17,22,32,11,22,10,11
levmar,analytic,Misra1c,start1,static,14,2,0.017965000000000002,small_step,10.801773371800595,0.020483418485340806,19.332365207267987,3.7471181713044643e-10,6.3677110094350855e-17,22,32,11,22,10,11
levmar,analytic,Misra1c,start2,dynamic,14,2,0.011523,small_step,10.739305969152078,0.020483418485325668,6342.9256059441395,3.5456105251796544e-07,1.1679555703690818e-17,17,24,8,17,7,9
levmar,analytic,Misra1c,start2,static,14,2,0.010701,small_step,10.739305969152078,0.020483418485325668,6342.9256059441395,3.5456105251796544e-07,1.1679555703690818e-17,17,24,8,17,7,9
levmar,analytic,Misra1d,start1,dynamic,14,2,0.017384,small_step,11,0.02820964764132132,698.26222360412521,1.4297256711870432e-08,8.4791399342661177e-17,22,31,10,22,9,12
levmar,analytic,Misra1d,start1,static,14,2,0.015811000000000002,small_step,11,0.02820964764132132,698.26222360412521,1.4297256711870432e-08,8.4791399342661177e-17,22,31,10,22,9,12
levmar,analytic,Misra1d,start2,dynamic,14,2,0.012465,small_step,9.8130123764172197,0.028209647641320806,12870369.305471236,3.9648875826969743e-06,1.3378630973957616e-18,22,29,8,22,7,14
levmar,analytic,Misra1d,start2,static,14,2,0.011542,small_step,9.8130123764172197,0.028209647641320806,12870369.305471236,3.9648875826969743e-06,1.3378630973957616e-18,22,29,8,22,7,14
levmar,analytic,Nelson,start1,dynamic,128,3,0.81285600000000002,small_cost_reduction,9.2734438039043887,1.8988416588225741,7.6846736434089293e-08,5.245208740234375e-05,1.8053068775560828e-10,75,136,61,75,60,15
levmar,analytic,Nelson,start1,static,128,3,0.85890500000000003,small_cost_reduction,9.2734438039043887,1.8988416588225741,7.6846736434089293e-08,5.245208740234375e-05,1.8053068775560828e-10,75,136,61,75,60,15
levmar,analytic,Nelson,start2,dynamic,128,3,0.38177000000000005,small_step,9.8387175817809709,1.8988416588225734,31.55788225346905,1.8656253814697266e-05,1.5963739219104879e-17,37,61,25,37,24,12
levmar,analytic,Nelson,start2,static,128,3,0.36304399999999998,small_step,9.8387175817809709,1.8988416588225734,31.55788225346905,1.8656253814697266e-05,1.5963739219104879e-17,37,61,25,37,24,12
levmar,analytic,Rat42,start1,dynamic,9,3,0.021631999999999998,small_step,10.345709910338096,4.0282614669056196,337310.43471240345,6.023137757438235e-07,1.856267884670479e-17,25,37,13,25,12,12
levmar,analytic,Rat42,start1,static,9,3,0.022433999999999999,small_step,10.345709910338096,4.0282614669056196,337310.43471240345,6.023137757438235e-07,1.856267884670479e-17,25,37,13,25,12,12
levmar,analytic,Rat42,start2,dynamic,9,3,0.021010999999999998,small_step,11,4.0282614669056391,130895.7706532093,1.514837322247331e-08,1.7646109596879068e-18,22,31,10,22,9,12
levmar,analytic,Rat42,start2,static,9,3,0.020088999999999999,small_step,11,4.0282614669056391,130895.7706532093,1.514837322247331e-08,1.7646109596879068e-18,22,31,10,22,9,12
levmar,analytic,Rat43,start1,dynamic,15,4,0.100715,small_step,8.3968291188858739,4393.2024539815657,22639593.474506129,0.00072034070205972967,3.4652351677711393e-17,44,66,23,44,22,21
levmar,analytic,Rat43,start1,static,15,4,0.089543999999999999,small_step,8.3968291188858739,4393.2024539815657,22639593.474506129,0.00072034070205972967,3.4652351677711393e-17,44,66,23,44,22,21
levmar,analytic,Rat43,start2,dynamic,15,4,0.038073000000000003,small_step,7.7820759278345202,4393.2024539815648,19300263.556457803,0.0012831390335463766,5.8626708762148105e-17,20,30,11,20,10,9
levmar,analytic,Rat43,start2,static,15,4,0.037492999999999999,small_step,7.7820759278345202,4393.2024539815648,19300263.556457803,0.0012831390335463766,5.8626708762148105e-17,20,30,11,20,10,9
levmar,analytic,Roszman1,start1,dynamic,25,4,0.098551,small_cost_reduction,9.6631945685474729,0.00024742423665484356,0.0054479659333043096,4.2210679396248452e-13,8.1335768189199505e-15,29,49,20,29,19,10
levmar,analytic,Roszman1,start1,static,25,4,0.127748,small_cost_reduction,9.6631945685474729,0.00024742423665484356,0.0054479659333043096,4.2210679396248452e-13,8.1335768189199505e-15,29,49,20,29,19,10
levmar,analytic,Roszman1,start2,dynamic,25,4,0.088871999999999993,small_step,8.3645820201172718,0.00024742423665484388,54.490208578770307,4.9060755458185668e-13,4.6165614355021291e-17,30,47,18,30,17,12
levmar,analytic,Roszman1,start2,static,25,4,0.084042999999999993,small_step,8.3645820201172718,0.00024742423665484388,54.490208578770307,4.9060755458185668e-13,4.6165614355021291e-17,30,47,18,30,17,12
levmar,analytic,Thurber,start1,dynamic,37,7,0.44084400000000001,small_step,7.8363253154476835,2821.3541198334392,125211744.45216347,0.0079077837654040195,1.1548902390362325e-17,55,91,37,55,36,18
levmar,analytic,Thurber,start1,static,37,7,0.44719699999999996,small_step,7.8363253154476835,2821.3541198334392,125211744.45216347,0.0079077837654040195,1.1548902390362325e-17,55,91,37,55,36,18
levmar,analytic,Thurber,start2,dynamic,37,7,0.339308,small_step,8.3792784756111551,2821.3541198334287,128219.46295892555,0.0017040335442288779,1.7002007942946842e-16,44,71,28,44,27,16
levmar,analytic,Thurber,start2,static,37,7,0.32637299999999997,small_step,8.3792784756111551,2821.3541198334287,128219.46295892555,0.0017040335442288779,1.7002007942946842e-16,44,71,28,44,27,16
levmar,autodiff,Bennett5,start1,dynamic,154,3,6.1401820000000003,small_step,6.7387556364475403,0.00026202372036309682,5344997.5134680429,1.9087942125517454e-07,3.121225347492663e-18,377,738,362,377,361,15
levmar,autodiff,Bennett5,start1,static,154,3,5.6064879999999997,small_step,6.7387556364475403,0.00026202372036309682,5344997.5134680429,1.9087942125517454e-07,3.121225347492663e-18,377,738,362,377,361,15
levmar,autodiff,Bennett5,start2,dynamic,154,3,10.177206,small_step,8.102053943323817,0.00026202372036311492,13.569250130659622,3.12620901388172e-11,1.4370022971459634e-16,592,1169,578,592,577,14
levmar,autodiff,Bennett5,start2,static,154,3,8.8440329999999996,small_step,8.102053943323817,0.00026202372036311492,13.569250130659622,3.12620901388172e-11,1.4370022971459634e-16,592,1169,578,592,577,14
levmar,autodiff,BoxBOD,start1,dynamic,6,2,0.033494999999999997,small_cost_reduction,10.375839608895221,584.00443827777576,1.0418426131756734e-08,5.01035898992086e-07,7.5995609921249884e-09,56,95,39,56,38,18
levmar,autodiff,BoxBOD,start1,static,6,2,0.021501999999999997,small_cost_reduction,10.375839608895221,584.00443827777576,1.0418426131756734e-08,5.01035898992086e-07,7.5995609921249884e-09,56,95,39,56,38,18
levmar,autodiff,BoxBOD,start2,dynamic,6,2,0.025950000000000001,small_step,8.4853534534925679,584.00443827777576,5611299.3599205567,3.761154626147345e-05,4.821051397881393e-17,24,37,14,24,13,10
levmar,autodiff,BoxBOD,start2,static,6,2,0.0076150000000000002,small_step,8.4853534534925679,584.00443827777576,5611299.3599205567,3.761154626147345e-05,4.821051397881393e-17,24,37,14,24,13,10
levmar,autodiff,Chwirut1,start1,dynamic,214,3,0.39522599999999997,small_cost_reduction,9.6925068623665283,1192.2385696546746,6.8509747815634976e-07,3.2685787004993472e-05,6.9203732435437136e-10,19,34,15,19,14,5
levmar,autodiff,Chwirut1,start1,static,214,3,0.31837700000000002,small_cost_reduction,9.6925068623665283,1192.2385696546746,6.8509747815634976e-07,3.2685787004993472e-05,6.9203732435437136e-10,19,34,15,19,14,5
levmar,autodiff,Chwirut1,start2,dynamic,214,3,0.22167899999999999,small_cost_reduction,9.9579296240837927,1192.2385696546751,7.1592593119840435e-08,3.4547958307484805e-05,5.6524750342363543e-10,9,18,9,9,8,1
levmar,autodiff,Chwirut1,start2,static,214,3,0.16881699999999999,small_cost_reduction,9.9579296240837927,1192.2385696546751,7.1592593119840435e-08,3.4547958307484805e-05,5.6524750342363543e-10,9,18,9,9,8,1
levmar,autodiff,Chwirut2,start1,dynamic,54,3,0.13209599999999999,small_cost_reduction,9.7373373698281132,256.52401470343267,0.95783569767369681,2.2893116238265065e-06,5.184298156186219e-13,27,43,16,27,15,12
levmar,autodiff,Chwirut2,start1,static,54,3,0.10437199999999999,small_cost_reduction,9.7373373698281132,256.52401470343267,0.95783569767369681,2.2893116238265065e-06,5.184298156186219e-13,27,43,16,27,15,12
levmar,autodiff,Chwirut2,start2,dynamic,54,3,0.087899999999999992,small_step,9.8805857113040467,256.52401470343267,2758274.0723020863,7.9706410360813607e-07,4.9184904350646385e-19,19,27,9,19,8,10
levmar,autodiff,Chwirut2,start2,static,54,3,0.065466999999999997,small_step,9.8805857113040467,256.52401470343267,2758274.0723020863,7.9706410360813607e-07,4.9184904350646385e-19,19,27,9,19,8,10
levmar,autodiff,DanWood,start1,dynamic,6,2,0.015851000000000001,small_step,11,0.0021586542041455211,5.97605746408132,1.4654943925052066e-14,1.3434418035314302e-17,18,26,9,18,8,9
levmar,autodiff,DanWood,start1,static,6,2,0.009078000000000001,small_step,11,0.0021586542041455211,5.97605746408132,1.4654943925052066e-14,1.3434418035314302e-17,18,26,9,18,8,9
levmar,autodiff,DanWood,start2,dynamic,6,2,0.010010000000000002,small_step,11,0.0021586542041455246,6.1370703246456317,3.5138558729386205e-14,1.6947928495007785e-16,19,26,8,19,7,11
levmar,autodiff,DanWood,start2,static,6,2,0.0062220000000000001,small_step,11,0.0021586542041455246,6.1370703246456317,3.5138558729386205e-14,1.6947928495007785e-16,19,26,8,19,7,11
levmar,autodiff,Eckerle4,start1,dynamic,35,3,0.28315899999999999,small_step,10.557081010865135,0.00073179437436373545,1089661.7436614379,4.445552129020964e-13,4.9950131846426093e-19,91,139,49,91,48,42
levmar,autodiff,Eckerle4,start1,static,35,3,0.22307300000000002,small_step,10.557081010865135,0.00073179437436373545,1089661.7436614379,4.445552129020964e-13,4.9950131846426093e-19,91,139,49,91,48,42
levmar,autodiff,Eckerle4,start2,dynamic,35,3,0.072790999999999995,small_step,10.627002547194913,0.00073179437436373534,178755.12924265605,1.1093639852567125e-12,7.5924988124385121e-18,19,28,10,19,9,9
levmar,autodiff,Eckerle4,start2,static,35,3,0.043955999999999995,small_step,10.627002547194913,0.00073179437436373534,178755.12924265605,1.1093639852567125e-12,7.5924988124385121e-18,19,28,10,19,9,9
levmar,autodiff,ENSO,start1,dynamic,168,9,3.550964,small_cost_reduction,6.744842094802987,394.26989334145594,0.0009659778620596187,3.1094707762246987e-06,1.8158694192807322e-07,39,75,36,39,35,4
levmar,autodiff,ENSO,start1,static,168,9,2.5975239999999999,small_cost_reduction,6.744842094802987,394.26989334145594,0.0009659778620596187,3.1094707762246987e-06,1.8158694192807322e-07,39,75,36,39,35,4
levmar,autodiff,ENSO,start2,dynamic,168,9,3.4544649999999999,small_cost_reduction,6.86041662469054,394.26989334145588,0.14139092263492667,8.8854658374711709e-07,7.3974452105778318e-08,40,77,37,40,36,4
levmar,autodiff,ENSO,start2,static,168,9,2.6026150000000001,small_cost_reduction,6.86041662469054,394.26989334145588,0.14139092263492667,8.8854658374711709e-07,7.3974452105778318e-08,40,77,37,40,36,4
levmar,autodiff,Gauss1,start1,dynamic,250,8,1.304719,small_step,8.7081460997661164,657.91112160168848,14826665439.902866,0.0082046967204405519,3.2474972584854303e-19,16,21,6,16,5,10
levmar,autodiff,Gauss1,start1,static,250,8,0.84827399999999997,small_step,8.7081460997661164,657.91112160168848,14826665439.902866,0.0082046967204405519,3.2474972584854303e-19,16,21,6,16,5,10
levmar,autodiff,Gauss1,start2,dynamic,250,8,1.5843610000000001,small_step,8.6483852700230699,657.91112160168825,308888863.33130968,0.010056837196771085,3.6125508580664951e-17,20,26,7,20,6,13
levmar,autodiff,Gauss1,start2,static,250,8,1.035247,small_step,8.6483852700230699,657.91112160168825,308888863.33130968,0.010056837196771085,3.6125508580664951e-17,20,26,7,20,6,13
levmar,autodiff,Gauss2,start1,dynamic,250,8,1.1662510000000001,small_cost_reduction,10.33125018509867,623.76410461549926,9.1449474165523525e-08,7.9435267252847552e-08,2.2690495403868291e-09,8,16,8,8,7,1
levmar,autodiff,Gauss2,start1,static,250,8,0.55713000000000001,small_cost_reduction,10.33125018509867,623.76410461549926,9.1449474165523525e-08,7.9435267252847552e-08,2.2690495403868291e-09,8,16,8,8,7,1
levmar,autodiff,Gauss2,start2,dynamic,250,8,1.314619,small_cost_reduction,10.328448492670683,623.76410461549938,4.6822130772748045e-05,6.2832441471982747e-09,5.1248118333976885e-09,11,19,8,11,7,4
levmar,autodiff,Gauss2,start2,static,250,8,0.67504900000000001,small_cost_reduction,10.328448492670683,623.76410461549938,4.6822130772748045e-05,6.2832441471982747e-09,5.1248118333976885e-09,11,19,8,11,7,4
levmar,autodiff,Gauss3,start1,dynamic,250,8,1.45482,small_cost_reduction,10.46088517978874,622.2423180065781,0.0023112791081919028,1.4600905160477851e-06,2.3836524826698408e-09,15,24,9,15,8,7
levmar,autodiff,Gauss3,start1,static,250,8,0.84863500000000003,small_cost_reduction,10.46088517978874,622.2423180065781,0.0023112791081919028,1.4600905160477851e-06,2.3836524826698408e-09,15,24,9,15,8,7
levmar,autodiff,Gauss3,start2,dynamic,250,8,1.385276,small_step,9.1377249837715997,622.2423180065781,222132366.25934461,4.6899510834919056e-05,1.1216955306271333e-17,20,27,8,20,7,12
levmar,autodiff,Gauss3,start2,static,250,8,1.01102,small_step,9.1377249837715997,622.2423180065781,222132366.25934461,4.6899510834919056e-05,1.1216955306271333e-17,20,27,8,20,7,12
levmar,autodiff,Hahn1,start1,dynamic,236,7,1.6820200000000001,small_step,10.70074897146411,0.76621914268030189,0.24934371657136339,4.0193088352680206e-05,1.0745407756913574e-16,28,46,19,28,18,9
levmar,autodiff,Hahn1,start1,static,236,7,1.261897,small_step,10.70074897146411,0.76621914268030189,0.24934371657136339,4.0193088352680206e-05,1.0745407756913574e-16,28,46,19,28,18,9
levmar,autodiff,Hahn1,start2,dynamic,236,7,1.7961609999999999,small_step,10.842121748956361,0.76621914268030678,0.021723874850530601,1.2941658496856689e-05,2.0053063579250608e-17,31,51,21,31,20,10
levmar,autodiff,Hahn1,start2,static,236,7,1.43946,small_step,10.842121748956361,0.76621914268030678,0.021723874850530601,1.2941658496856689e-05,2.0053063579250608e-17,31,51,21,31,20,10
levmar,autodiff,Kirby2,start1,dynamic,151,5,0.61227600000000004,small_step,9.8722553209974517,1.9525369811954298,120.4780825041446,0.00021647161338478327,1.0686729159812585e-16,25,36,12,25,11,13
levmar,autodiff,Kirby2,start1,static,151,5,0.44846900000000001,small_step,9.8722553209974517,1.9525369811954298,120.4780825041446,0.00021647161338478327,1.0686729159812585e-16,25,36,12,25,11,13
levmar,autodiff,Kirby2,start2,dynamic,151,5,0.45756600000000003,small_step,9.6683370782383093,1.9525369811954325,156.05628574021779,0.00050323805771768093,3.1097926241397071e-17,18,26,9,18,8,9
levmar,autodiff,Kirby2,start2,static,151,5,0.31731499999999996,small_step,9.6683370782383093,1.9525369811954325,156.05628574021779,0.00050323805771768093,3.1097926241397071e-17,18,26,9,18,8,9
levmar,autodiff,Lanczos1,start1,dynamic,24,6,0.59838000000000002,small_step,10.554895286166907,7.1422231669097187e-26,0.079683551221245374,7.2782044055634216e-16,2.046095844269469e-16,107,203,97,107,96,10
levmar,autodiff,Lanczos1,start1,static,24,6,0.53383499999999995,small_step,10.554895286166907,7.1422231669097187e-26,0.079683551221245374,7.2782044055634216e-16,2.046095844269469e-16,107,203,97,107,96,10
levmar,autodiff,Lanczos1,start2,dynamic,24,6,0.55394299999999996,small_step,10.555813247941543,7.1380998857138817e-26,4.630339734399822,4.7308154238488548e-16,3.3409528511369258e-17,103,191,89,103,88,14
levmar,autodiff,Lanczos1,start2,static,24,6,0.47957,small_step,10.555813247941543,7.1380998857138817e-26,4.630339734399822,4.7308154238488548e-16,3.3409528511369258e-17,103,191,89,103,88,14
levmar,autodiff,Lanczos2,start1,dynamic,24,6,0.55161900000000008,small_gradient,9.2506750314241852,1.1149714061867715e-11,2.8632830426211267e-11,1.2486729421340361e-16,4.2320578980956986e-08,96,190,94,96,93,3
levmar,autodiff,Lanczos2,start1,static,24,6,0.46657399999999999,small_gradient,9.2506750314241852,1.1149714061867715e-11,2.8632830426211267e-11,1.2486729421340361e-16,4.2320578980956986e-08,96,190,94,96,93,3
levmar,autodiff,Lanczos2,start2,dynamic,24,6,0.52105000000000001,small_gradient,9.5284696914498621,1.1149714062408924e-11,3.6706448250400729e-11,1.0081841418429832e-16,4.1623785062982899e-08,90,177,87,90,86,4
levmar,autodiff,Lanczos2,start2,static,24,6,0.42558500000000005,small_gradient,9.5284696914498621,1.1149714062408924e-11,3.6706448250400729e-11,1.0081841418429832e-16,4.1623785062982899e-08,90,177,87,90,86,4
levmar,autodiff,Lanczos3,start1,dynamic,24,6,0.607267,small_gradient,8.5561492799733472,8.0585967967758717e-09,8.3137111161745543e-11,9.5500069670778428e-17,3.3113821840469184e-08,104,204,100,104,99,5
levmar,autodiff,Lanczos3,start1,static,24,6,0.50180199999999997,small_gradient,8.5561492799733472,8.0585967967758717e-09,8.3137111161745543e-11,9.5500069670778428e-17,3.3113821840469184e-08,104,204,100,104,99,5
levmar,autodiff,Lanczos3,start2,dynamic,24,6,0.557311,small_gradient,8.9678284665518841,8.0585967967796387e-09,8.5160581381701539e-10,2.114465286889855e-16,5.7734549998088668e-09,100,193,93,100,92,8
levmar,autodiff,Lanczos3,start2,static,24,6,0.46649400000000002,small_gradient,8.9678284665518841,8.0585967967796387e-09,8.5160581381701539e-10,2.114465286889855e-16,5.7734549998088668e-09,100,193,93,100,92,8
levmar,autodiff,MGH09,start1,dynamic,11,4,0.15648300000000001,small_cost_reduction,7.8227019280234602,0.00015375280192461894,0.00011068172824383486,1.4889299428805236e-11,1.0954870777699113e-08,101,179,78,101,77,24
levmar,autodiff,MGH09,start1,static,11,4,0.121215,small_cost_reduction,7.8227019280234602,0.00015375280192461894,0.00011068172824383486,1.4889299428805236e-11,1.0954870777699113e-08,101,179,78,101,77,24
levmar,autodiff,MGH09,start2,dynamic,11,4,0.063724000000000003,small_step,7.4553578801512685,0.00015375280192461824,153877.38678431435,1.488127134539885e-11,1.0664260042372513e-16,41,69,29,41,28,12
levmar,autodiff,MGH09,start2,static,11,4,0.058554000000000002,small_step,7.4553578801512685,0.00015375280192461824,153877.38678431435,1.488127134539885e-11,1.0664260042372513e-16,41,69,29,41,28,12
levmar,autodiff,MGH10,start1,dynamic,16,3,16.394718999999998,max_iterations,-0,732682.28317617462,9.9999999999999998e-17,9.7154679354086737e+48,0.38479636808346918,10000,19959,9959,10000,9958,42
levmar,autodiff,MGH10,start1,static,16,3,13.949648999999999,max_iterations,-0,732682.28317617462,9.9999999999999998e-17,9.7154679354086737e+48,0.38479636808346918,10000,19959,9959,10000,9958,42
levmar,autodiff,MGH10,start2,dynamic,16,3,0.267258,small_step,8.5739756971462171,43.972927585299949,13882.888355470577,8.2125188782811165e-06,2.7732482718184196e-17,165,310,146,165,145,19
levmar,autodiff,MGH10,start2,static,16,3,0.217,small_step,8.5739756971462171,43.972927585299949,13882.888355470577,8.2125188782811165e-06,2.7732482718184196e-17,165,310,146,165,145,19
levmar,autodiff,MGH17,start1,dynamic,33,5,2.3921770000000002,small_step,8.676124154055568,2.7324473487412799e-05,30.577728377735717,4.6164660934050125e-11,2.5272990181566565e-17,420,800,381,420,380,39
levmar,autodiff,MGH17,start1,static,33,5,2.092435,small_step,8.676124154055568,2.7324473487412799e-05,30.577728377735717,4.6164660934050125e-11,2.5272990181566565e-17,420,800,381,420,380,39
levmar,autodiff,MGH17,start2,dynamic,33,5,0.18826499999999999,small_step,10.8308867249687,2.7324473487412342e-05,0.029621642266544658,4.2609145378680324e-15,6.7440898261450729e-17,33,52,20,33,19,13
levmar,autodiff,MGH17,start2,static,33,5,0.145151,small_step,10.8308867249687,2.7324473487412342e-05,0.029621642266544658,4.2609145378680324e-15,6.7440898261450729e-17,33,52,20,33,19,13
levmar,autodiff,Misra1a,start1,dynamic,14,2,0.037072000000000001,small_step,10.319978802946709,0.062275694472198148,37016.172601220926,3.5129432944813743e-06,6.1507759614048431e-17,33,48,16,33,15,17
levmar,autodiff,Misra1a,start1,static,14,2,0.023847,small_step,10.319978802946709,0.062275694472198148,37016.172601220926,3.5129432944813743e-06,6.1507759614048431e-17,33,48,16,33,15,17
levmar,autodiff,Misra1a,start2,dynamic,14,2,0.019907999999999999,small_step,11,0.062275694472195095,220.81566710027056,8.2945916801691055e-10,6.113932868878844e-18,17,24,8,17,7,9
levmar,autodiff,Misra1a,start2,static,14,2,0.01026,small_step,11,0.062275694472195095,220.81566710027056,8.2945916801691055e-10,6.113932868878844e-18,17,24,8,17,7,9
levmar,autodiff,Misra1b,start1,dynamic,14,2,0.033686000000000001,small_step,10.915143430443768,0.037732340766689104,36219.106428959516,9.294853953178972e-08,2.2815385895345408e-18,19,27,9,19,8,10
levmar,autodiff,Misra1b,start1,static,14,2,0.018246000000000002,small_step,10.915143430443768,0.037732340766689104,36219.106428959516,9.294853953178972e-08,2.2815385895345408e-18,19,27,9,19,8,10
levmar,autodiff,Misra1b,start2,dynamic,14,2,0.026942000000000001,small_step,10.957971019325056,0.037732340766690881,993.28989609583198,1.3933458831161261e-09,2.2673153288353867e-18,19,28,10,19,9,9
levmar,autodiff,Misra1b,start2,static,14,2,0.014447999999999999,small_step,10.957971019325056,0.037732340766690881,993.28989609583198,1.3933458831161261e-09,2.2673153288353867e-18,19,28,10,19,9,9
levmar,autodiff,Misra1c,start1,dynamic,14,2,0.029277000000000001,small_step,10.801347190838213,0.020483418485341388,927.9535299488557,5.2208633860573173e-08,2.1156640336418194e-17,18,27,10,18,9,8
levmar,autodiff,Misra1c,start1,static,14,2,0.01504,small_step,10.801347190838213,0.020483418485341388,927.9535299488557,5.2208633860573173e-08,2.1156640336418194e-17,18,27,10,18,9,8
levmar,autodiff,Misra1c,start2,dynamic,14,2,0.025398999999999998,small_step,9.5133205950350259,0.020483418485328475,4330103.8803241923,4.9263435357715935e-06,5.3326587047947363e-18,24,32,9,24,8,15
levmar,autodiff,Misra1c,start2,static,14,2,0.013576,small_step,9.5133205950350259,0.020483418485328475,4330103.8803241923,4.9263435357715935e-06,5.3326587047947363e-18,24,32,9,24,8,15
levmar,autodiff,Misra1d,start1,dynamic,14,2,0.024227000000000002,small_step,11,0.028209647641320605,25137.440049748508,1.5150544641073793e-07,4.2355383091126384e-18,18,25,8,18,7,10
levmar,autodiff,Misra1d,start1,static,14,2,0.013566,small_step,11,0.028209647641320605,25137.440049748508,1.5150544641073793e-07,4.2355383091126384e-18,18,25,8,18,7,10
levmar,autodiff,Misra1d,start2,dynamic,14,2,0.016521999999999998,small_step,8.5494092969646296,0.028209647641321854,14479165.468655143,0.00023678131401538849,1.2680667322252331e-17,15,20,6,15,5,9
levmar,autodiff,Misra1d,start2,static,14,2,0.008114999999999999,small_step,8.5494092969646296,0.028209647641321854,14479165.468655143,0.00023678131401538849,1.2680667322252331e-17,15,20,6,15,5,9
levmar,autodiff,Nelson,start1,dynamic,128,3,0.91383100000000006,small_step,7.6670325683612104,1.8988416588225738,15842.602655559045,0.0026291012763977051,6.6089287671892327e-18,83,142,60,83,59,23
levmar,autodiff,Nelson,start1,static,128,3,0.84904599999999997,small_step,7.6670325683612104,1.8988416588225738,15842.602655559045,0.0026291012763977051,6.6089287671892327e-18,83,142,60,83,59,23
levmar,autodiff,Nelson,start2,dynamic,128,3,0.34129199999999998,small_cost_reduction,9.8561102495045478,1.8988416588225736,5.2126862690002373e-08,1.3530254364013672e-05,4.5552026153908404e-11,29,54,25,29,24,5
levmar,autodiff,Nelson,start2,static,128,3,0.320351,small_cost_reduction,9.8561102495045478,1.8988416588225736,5.2126862690002373e-08,1.3530254364013672e-05,4.5552026153908404e-11,29,54,25,29,24,5
levmar,autodiff,Rat42,start1,dynamic,9,3,0.032663999999999999,small_step,10.341790534663003,4.0282614669056338,145978.79060664316,6.0488798681035405e-07,4.2812104482767801e-17,24,36,13,24,12,11
levmar,autodiff,Rat42,start1,static,9,3,0.019658000000000002,small_step,10.341790534663003,4.0282614669056338,145978.79060664316,6.0488798681035405e-07,4.2812104482767801e-17,24,36,13,24,12,11
levmar,autodiff,Rat42,start2,dynamic,9,3,0.019127000000000002,small_step,9.5578053900821303,4.0282614669056347,1608796.1631839045,3.8005785540917714e-06,3.5894179373178923e-17,17,24,8,17,7,9
levmar,autodiff,Rat42,start2,static,9,3,0.010631,small_step,9.5578053900821303,4.0282614669056347,1608796.1631839045,3.8005785540917714e-06,3.5894179373178923e-17,17,24,8,17,7,9
levmar,autodiff,Rat43,start1,dynamic,15,4,0.110705,small_step,8.7363961143632913,4393.2024539815657,560192392.17933249,7.5753281407742179e-05,2.5047713131346684e-18,47,70,24,47,23,23
levmar,autodiff,Rat43,start1,static,15,4,0.085275000000000004,small_step,8.7363961143632913,4393.2024539815657,560192392.17933249,7.5753281407742179e-05,2.5047713131346684e-18,47,70,24,47,23,23
levmar,autodiff,Rat43,start2,dynamic,15,4,0.062501000000000001,small_step,9.6756710884050179,4393.202453981562,16437372.554040615,5.4397390272242774e-06,1.0448035256003364e-18,28,41,14,28,13,14
levmar,autodiff,Rat43,start2,static,15,4,0.04614,small_step,9.6756710884050179,4393.202453981562,16437372.554040615,5.4397390272242774e-06,1.0448035256003364e-18,28,41,14,28,13,14
levmar,autodiff,Roszman1,start1,dynamic,25,4,0.12363900000000001,small_step,7.0088556343519341,0.00024742423665484388,83696.960376991192,2.7378144196177345e-10,8.2516653509957435e-19,27,43,17,27,16,10
levmar,autodiff,Roszman1,start1,static,25,4,0.081046999999999994,small_step,7.0088556343519341,0.00024742423665484388,83696.960376991192,2.7378144196177345e-10,8.2516653509957435e-19,27,43,17,27,16,10
levmar,autodiff,Roszman1,start2,dynamic,25,4,0.099874000000000004,small_cost_reduction,9.1730666517929844,0.0002474242366548447,4.9558556000893356e-11,1.1050049764094183e-12,1.6741333454540966e-06,20,38,18,20,17,3
levmar,autodiff,Roszman1,start2,static,25,4,0.066328999999999999,small_cost_reduction,9.1730666517929844,0.0002474242366548447,4.9558556000893356e-11,1.1050049764094183e-12,1.6741333454540966e-06,20,38,18,20,17,3
levmar,autodiff,Thurber,start1,dynamic,37,7,0.43885000000000002,small_cost_reduction,8.3169053192239755,2821.3541198334742,0.00029732147281035101,0.00013969425890536513,1.1563716879756026e-07,42,77,35,42,34,8
levmar,autodiff,Thurber,start1,static,37,7,0.32910800000000001,small_cost_reduction,8.3169053192239755,2821.3541198334742,0.00029732147281035101,0.00013969425890536513,1.1563716879756026e-07,42,77,35,42,34,8
levmar,autodiff,Thurber,start2,dynamic,37,7,0.33366699999999999,small_step,7.4688444874000117,2821.354119833476,4709673.5035994425,0.015529446376604028,1.168396320983654e-18,34,58,25,34,24,9
levmar,autodiff,Thurber,start2,static,37,7,0.2525,small_step,7.4688444874000117,2821.354119833476,4709673.5035994425,0.015529446376604028,1.168396320983654e-18,34,58,25,34,24,9
ceres_analytic,analytic,Bennett5,start1,dynamic,154,3,2.5126110000000001,converged,10.048544987573877,nan,nan,nan,nan,303,303,292,303,292,11
ceres_autodiff,autodiff,Bennett5,start1,static,154,3,2.2301530000000001,converged,9.7884776100270781,nan,nan,nan,nan,300,300,291,300,291,9
ceres_analytic,analytic,Bennett5,start2,dynamic,154,3,1.9521650000000002,converged,10.836392987629173,nan,nan,nan,nan,274,274,265,274,265,9
ceres_autodiff,autodiff,Bennett5,start2,static,154,3,2.0202960000000001,converged,7.4459827478556493,nan,nan,nan,nan,276,276,264,276,264,12
ceres_analytic,analytic,BoxBOD,start1,dynamic,6,2,0.31000100000000003,failed,0,nan,nan,nan,nan,14,14,9,14,9,5
ceres_autodiff,autodiff,BoxBOD,start1,static,6,2,0.161243,failed,0,nan,nan,nan,nan,14,14,9,14,9,5
ceres_analytic,analytic,BoxBOD,start2,dynamic,6,2,0.038915000000000005,converged,9.1565181010781558,nan,nan,nan,nan,23,23,15,23,15,8
ceres_autodiff,autodiff,BoxBOD,start2,static,6,2,0.021662000000000001,converged,9.1565181010781558,nan,nan,nan,nan,23,23,15,23,15,8
ceres_analytic,analytic,Chwirut1,start1,dynamic,214,3,0.23231099999999999,converged,8.4612431376654627,nan,nan,nan,nan,19,19,14,19,14,5
ceres_autodiff,autodiff,Chwirut1,start1,static,214,3,0.17098100000000002,converged,8.4612429544388306,nan,nan,nan,nan,19,19,14,19,14,5
ceres_analytic,analytic,Chwirut1,start2,dynamic,214,3,0.074313999999999991,converged,8.5118247462252992,nan,nan,nan,nan,8,8,8,8,8,0
ceres_autodiff,autodiff,Chwirut1,start2,static,214,3,0.052101000000000001,converged,8.5118246638816224,nan,nan,nan,nan,8,8,8,8,8,0
ceres_analytic,analytic,Chwirut2,start1,dynamic,54,3,0.065766999999999992,converged,8.4626229083784832,nan,nan,nan,nan,20,20,14,20,14,6
ceres_autodiff,autodiff,Chwirut2,start1,static,54,3,0.042382000000000003,converged,8.462623286312505,nan,nan,nan,nan,20,20,14,20,14,6
ceres_analytic,analytic,Chwirut2,start2,dynamic,54,3,0.035438999999999998,converged,9.881034478000597,nan,nan,nan,nan,19,19,9,19,9,10
ceres_autodiff,autodiff,Chwirut2,start2,static,54,3,0.020129000000000001,converged,8.5759050713576617,nan,nan,nan,nan,8,8,8,8,8,0
ceres_analytic,analytic,DanWood,start1,dynamic,6,2,0.020809999999999999,converged,11,nan,nan,nan,nan,18,18,9,18,9,9
ceres_autodiff,autodiff,DanWood,start1,static,6,2,0.019157,converged,11,nan,nan,nan,nan,19,19,10,19,10,9
ceres_analytic,analytic,DanWood,start2,dynamic,6,2,0.013517,converged,11,nan,nan,nan,nan,14,14,7,14,7,7
ceres_autodiff,autodiff,DanWood,start2,static,6,2,0.012795000000000001,converged,11,nan,nan,nan,nan,14,14,7,14,7,7
ceres_analytic,analytic,Eckerle4,start1,dynamic,35,3,0.261467,converged,10.395233770811419,nan,nan,nan,nan,149,149,104,149,104,45
ceres_autodiff,autodiff,Eckerle4,start1,static,35,3,0.27743800000000002,converged,9.7725266041932581,nan,nan,nan,nan,146,146,106,146,106,40
ceres_analytic,analytic,Eckerle4,start2,dynamic,35,3,0.044666000000000004,converged,10.632381612666224,nan,nan,nan,nan,19,19,10,19,10,9
ceres_autodiff,autodiff,Eckerle4,start2,static,35,3,0.029787999999999999,converged,10.632381612666224,nan,nan,nan,nan,19,19,10,19,10,9
ceres_analytic,analytic,ENSO,start1,dynamic,168,9,1.2038140000000002,converged,6.6182499888949033,nan,nan,nan,nan,38,38,34,38,34,4
ceres_autodiff,autodiff,ENSO,start1,static,168,9,0.98766500000000002,converged,6.6181799880420025,nan,nan,nan,nan,38,38,34,38,34,4
ceres_analytic,analytic,ENSO,start2,dynamic,168,9,1.4398309999999999,converged,6.5292547728064667,nan,nan,nan,nan,36,36,36,36,36,0
ceres_autodiff,autodiff,ENSO,start2,static,168,9,1.023274,converged,6.7219088913802931,nan,nan,nan,nan,37,37,37,37,37,0
ceres_analytic,analytic,Gauss1,start1,dynamic,250,8,0.202623,converged,10.573081296710301,nan,nan,nan,nan,12,12,8,12,8,4
ceres_autodiff,autodiff,Gauss1,start1,static,250,8,0.23705899999999999,converged,10.57706784785875,nan,nan,nan,nan,18,18,9,18,9,9
ceres_analytic,analytic,Gauss1,start2,dynamic,250,8,0.15640299999999999,converged,10.572334741137642,nan,nan,nan,nan,8,8,8,8,8,0
ceres_autodiff,autodiff,Gauss1,start2,static,250,8,0.104132,converged,8.6483693326853128,nan,nan,nan,nan,6,6,6,6,6,0
ceres_analytic,analytic,Gauss2,start1,dynamic,250,8,0.14011199999999999,converged,9.9956624643748579,nan,nan,nan,nan,7,7,7,7,7,0
ceres_autodiff,autodiff,Gauss2,start1,static,250,8,0.22068700000000002,converged,9.9956624643748579,nan,nan,nan,nan,10,10,7,10,7,3
ceres_analytic,analytic,Gauss2,start2,dynamic,250,8,0.15717500000000001,converged,9.9082231116067589,nan,nan,nan,nan,7,7,7,7,7,0
ceres_autodiff,autodiff,Gauss2,start2,static,250,8,0.12654499999999999,converged,9.9082231116067589,nan,nan,nan,nan,7,7,7,7,7,0
ceres_analytic,analytic,Gauss3,start1,dynamic,250,8,0.18252399999999999,converged,8.6689988725347771,nan,nan,nan,nan,8,8,7,8,7,1
ceres_autodiff,autodiff,Gauss3,start1,static,250,8,0.126114,converged,8.6689988725347771,nan,nan,nan,nan,7,7,7,7,7,0
ceres_analytic,analytic,Gauss3,start2,dynamic,250,8,0.181753,converged,9.2183114137813025,nan,nan,nan,nan,11,11,8,11,8,3
ceres_autodiff,autodiff,Gauss3,start2,static,250,8,0.18176200000000001,converged,9.2183113043124312,nan,nan,nan,nan,13,13,8,13,8,5
ceres_analytic,analytic,Hahn1,start1,dynamic,236,7,0.23930399999999999,converged,10.968990117906548,nan,nan,nan,nan,23,23,15,23,15,8
ceres_autodiff,autodiff,Hahn1,start1,static,236,7,0.16251500000000002,converged,9.4161999080513734,nan,nan,nan,nan,15,15,13,15,13,2
ceres_analytic,analytic,Hahn1,start2,dynamic,236,7,0.234625,converged,8.5950317071361528,nan,nan,nan,nan,27,27,14,27,14,13
ceres_autodiff,autodiff,Hahn1,start2,static,236,7,0.15429899999999999,converged,7.068830751974712,nan,nan,nan,nan,15,15,13,15,13,2
ceres_analytic,analytic,Kirby2,start1,dynamic,151,5,0.11428199999999999,converged,10.508027559904095,nan,nan,nan,nan,21,21,13,21,13,8
ceres_autodiff,autodiff,Kirby2,start1,static,151,5,0.080676999999999999,converged,8.1608493677187219,nan,nan,nan,nan,18,18,10,18,10,8
ceres_analytic,analytic,Kirby2,start2,dynamic,151,5,0.079233999999999999,converged,9.6378325523099235,nan,nan,nan,nan,19,19,9,19,9,10
ceres_autodiff,autodiff,Kirby2,start2,static,151,5,0.072761000000000006,converged,9.6174649056480508,nan,nan,nan,nan,17,17,9,17,9,8
ceres_analytic,analytic,Lanczos1,start1,dynamic,24,6,0.209396,converged,10.558132364950316,nan,nan,nan,nan,82,81,81,82,81,1
ceres_autodiff,autodiff,Lanczos1,start1,static,24,6,0.197133,converged,10.50843798522787,nan,nan,nan,nan,81,80,80,81,80,1
ceres_analytic,analytic,Lanczos1,start2,dynamic,24,6,0.267399,converged,10.470660307022191,nan,nan,nan,nan,79,78,78,79,78,1
ceres_autodiff,autodiff,Lanczos1,start2,static,24,6,0.20713200000000001,converged,10.563841838481004,nan,nan,nan,nan,88,88,79,88,79,9
ceres_analytic,analytic,Lanczos2,start1,dynamic,24,6,0.22339300000000001,converged,7.2188357773567402,nan,nan,nan,nan,90,90,78,90,78,12
ceres_autodiff,autodiff,Lanczos2,start1,static,24,6,0.199376,converged,10.360404272081876,nan,nan,nan,nan,82,81,79,82,79,3
ceres_analytic,analytic,Lanczos2,start2,dynamic,24,6,0.202012,converged,7.6319407232182677,nan,nan,nan,nan,91,91,78,91,78,13
ceres_autodiff,autodiff,Lanczos2,start2,static,24,6,0.20918500000000001,converged,7.4506819304409664,nan,nan,nan,nan,94,94,79,94,79,15
ceres_analytic,analytic,Lanczos3,start1,dynamic,24,6,0.224495,converged,6.7470126574776152,nan,nan,nan,nan,92,92,81,92,81,11
ceres_autodiff,autodiff,Lanczos3,start1,static,24,6,0.23852199999999998,converged,8.1610255104360103,nan,nan,nan,nan,96,96,83,96,83,13
ceres_analytic,analytic,Lanczos3,start2,dynamic,24,6,0.22148900000000002,converged,9.2069534111587004,nan,nan,nan,nan,92,92,82,92,82,10
ceres_autodiff,autodiff,Lanczos3,start2,static,24,6,0.19758300000000001,converged,9.2282090148749205,nan,nan,nan,nan,83,82,82,83,82,1
ceres_analytic,analytic,MGH09,start1,dynamic,11,4,0.12048399999999999,converged,8.6340625567528697,nan,nan,nan,nan,84,84,64,84,64,20
ceres_autodiff,autodiff,MGH09,start1,static,11,4,0.10073500000000001,converged,7.4014588023513541,nan,nan,nan,nan,85,85,63,85,63,22
ceres_analytic,analytic,MGH09,start2,dynamic,11,4,0.031350000000000003,converged,7.6562187007490081,nan,nan,nan,nan,26,26,17,26,17,9
ceres_autodiff,autodiff,MGH09,start2,static,11,4,0.032904000000000003,converged,7.6478807625493435,nan,nan,nan,nan,30,30,17,30,17,13
ceres_analytic,analytic,MGH10,start1,dynamic,16,3,0.45419999999999999,converged,7.8266852079427354,nan,nan,nan,nan,351,351,306,351,306,45
ceres_autodiff,autodiff,MGH10,start1,static,16,3,0.42851100000000003,converged,10.922615333476196,nan,nan,nan,nan,350,350,308,350,308,42
ceres_analytic,analytic,MGH10,start2,dynamic,16,3,0.25032500000000002,converged,10.921551515561156,nan,nan,nan,nan,153,153,143,153,143,10
ceres_autodiff,autodiff,MGH10,start2,static,16,3,0.20186100000000001,converged,8.3858407394837595,nan,nan,nan,nan,163,163,147,163,147,16
ceres_analytic,analytic,MGH17,start1,dynamic,33,5,3.0519060000000002,converged,10.828571979393534,nan,nan,nan,nan,592,592,560,592,560,32
ceres_autodiff,autodiff,MGH17,start1,static,33,5,2.5639289999999999,converged,7.873295952246667,nan,nan,nan,nan,590,590,557,590,557,33
ceres_analytic,analytic,MGH17,start2,dynamic,33,5,0.076497999999999997,converged,9.2077217325290039,nan,nan,nan,nan,24,24,15,24,15,9
ceres_autodiff,autodiff,MGH17,start2,static,33,5,0.053052000000000002,converged,10.970813779768417,nan,nan,nan,nan,25,25,16,25,16,9
ceres_analytic,analytic,Misra1a,start1,dynamic,14,2,0.050096999999999996,converged,10.055149046603894,nan,nan,nan,nan,36,36,22,36,22,14
ceres_autodiff,autodiff,Misra1a,start1,static,14,2,0.042242000000000002,converged,11,nan,nan,nan,nan,37,37,24,37,24,13
ceres_analytic,analytic,Misra1a,start2,dynamic,14,2,0.015809999999999998,converged,11,nan,nan,nan,nan,14,14,8,14,8,6
ceres_autodiff,autodiff,Misra1a,start2,static,14,2,0.039236,converged,11,nan,nan,nan,nan,17,17,8,17,8,9
ceres_analytic,analytic,Misra1b,start1,dynamic,14,2,0.062922000000000006,converged,10.627617314956415,nan,nan,nan,nan,32,32,18,32,18,14
ceres_autodiff,autodiff,Misra1b,start1,static,14,2,0.057030000000000004,converged,10.958129805722956,nan,nan,nan,nan,35,35,20,35,20,15
ceres_analytic,analytic,Misra1b,start2,dynamic,14,2,0.031260999999999997,converged,9.6052756710880356,nan,nan,nan,nan,21,21,9,21,9,12
ceres_autodiff,autodiff,Misra1b,start2,static,14,2,0.020831000000000002,converged,10.958376313404044,nan,nan,nan,nan,17,17,10,17,10,7
ceres_analytic,analytic,Misra1c,start1,dynamic,14,2,0.025228999999999998,converged,10.723663003407722,nan,nan,nan,nan,16,16,9,16,9,7
ceres_autodiff,autodiff,Misra1c,start1,static,14,2,0.031421000000000004,converged,8.9533314776867279,nan,nan,nan,nan,16,16,8,16,8,8
ceres_analytic,analytic,Misra1c,start2,dynamic,14,2,0.034597000000000003,converged,7.9366408358691833,nan,nan,nan,nan,13,13,5,13,5,8
ceres_autodiff,autodiff,Misra1c,start2,static,14,2,0.034175999999999998,converged,10.767512639048094,nan,nan,nan,nan,16,16,7,16,7,9
ceres_analytic,analytic,Misra1d,start1,dynamic,14,2,0.038745000000000002,converged,11,nan,nan,nan,nan,22,22,10,22,10,12
ceres_autodiff,autodiff,Misra1d,start1,static,14,2,0.035457999999999996,converged,11,nan,nan,nan,nan,19,19,11,19,11,8
ceres_analytic,analytic,Misra1d,start2,dynamic,14,2,0.021151,converged,10.587845362778136,nan,nan,nan,nan,14,14,6,14,6,8
ceres_autodiff,autodiff,Misra1d,start2,static,14,2,0.018105,converged,11,nan,nan,nan,nan,18,18,8,18,8,10
ceres_analytic,analytic,Nelson,start1,dynamic,128,3,0.37564800000000004,converged,7.2657152847121038,nan,nan,nan,nan,71,71,59,71,59,12
ceres_autodiff,autodiff,Nelson,start1,static,128,3,0.29711599999999999,converged,7.2657153813950233,nan,nan,nan,nan,72,72,59,72,59,13
ceres_analytic,analytic,Nelson,start2,dynamic,128,3,0.141043,converged,7.4704748838567854,nan,nan,nan,nan,29,29,23,29,23,6
ceres_autodiff,autodiff,Nelson,start2,static,128,3,0.116396,converged,7.4704750727844473,nan,nan,nan,nan,28,28,23,28,23,5
ceres_analytic,analytic,Rat42,start1,dynamic,9,3,0.037101999999999996,converged,11,nan,nan,nan,nan,21,21,13,21,13,8
ceres_autodiff,autodiff,Rat42,start1,static,9,3,0.025829999999999999,converged,10.362012454075792,nan,nan,nan,nan,24,24,12,24,12,12
ceres_analytic,analytic,Rat42,start2,dynamic,9,3,0.017804,converged,9.5575882331421482,nan,nan,nan,nan,17,17,8,17,8,9
ceres_autodiff,autodiff,Rat42,start2,static,9,3,0.021271000000000002,converged,10.71761240935807,nan,nan,nan,nan,22,22,10,22,10,12
ceres_analytic,analytic,Rat43,start1,dynamic,15,4,0.070416999999999993,converged,9.2508165371884505,nan,nan,nan,nan,41,41,26,41,26,15
ceres_autodiff,autodiff,Rat43,start1,static,15,4,0.054475999999999997,converged,7.3998545812489551,nan,nan,nan,nan,33,33,24,33,24,9
ceres_analytic,analytic,Rat43,start2,dynamic,15,4,0.051920000000000001,converged,9.1518926779498742,nan,nan,nan,nan,22,22,13,22,13,9
ceres_autodiff,autodiff,Rat43,start2,static,15,4,0.03619,converged,9.8733967884841007,nan,nan,nan,nan,22,22,14,22,14,8
ceres_analytic,analytic,Roszman1,start1,dynamic,25,4,0.059494999999999999,converged,8.8014646057879204,nan,nan,nan,nan,7,7,7,7,7,0
ceres_autodiff,autodiff,Roszman1,start1,static,25,4,0.027923999999999997,converged,8.8014659966551658,nan,nan,nan,nan,15,15,7,15,7,8
ceres_analytic,analytic,Roszman1,start2,dynamic,25,4,0.038905000000000002,converged,10.686764804964074,nan,nan,nan,nan,14,14,8,14,8,6
ceres_autodiff,autodiff,Roszman1,start2,static,25,4,0.014619,converged,6.7595038505693195,nan,nan,nan,nan,6,6,5,6,5,1
ceres_analytic,analytic,Thurber,start1,dynamic,37,7,0.126666,converged,7.7145714386045947,nan,nan,nan,nan,40,40,29,40,29,11
ceres_autodiff,autodiff,Thurber,start1,static,37,7,0.089883999999999992,converged,7.4308750943582744,nan,nan,nan,nan,32,32,27,32,27,5
ceres_analytic,analytic,Thurber,start2,dynamic,37,7,0.091947999999999988,converged,7.6476572884153553,nan,nan,nan,nan,36,36,28,36,28,8
ceres_autodiff,autodiff,Thurber,start2,static,37,7,0.085505999999999999,converged,7.1904707901001732,nan,nan,nan,nan,34,34,26,34,26,8
minpack_lmder,analytic,Bennett5,start1,dynamic,154,3,3.3627669999999998,converged,9.6959310278151243,nan,nan,nan,nan,747,768,747,nan,nan,nan
minpack_lmdif,finite_difference,Bennett5,start1,dynamic,154,3,4.9745730000000004,converged,7.4027033117560981,nan,nan,nan,nan,760,3041,nan,nan,nan,nan
minpack_lmder,analytic,Bennett5,start2,dynamic,154,3,0.86510700000000007,converged,10.473520365620931,nan,nan,nan,nan,198,216,198,nan,nan,nan
minpack_lmdif,finite_difference,Bennett5,start2,dynamic,154,3,1.2758430000000001,converged,5.2572663479293302,nan,nan,nan,nan,204,817,nan,nan,nan,nan
minpack_lmder,analytic,BoxBOD,start1,dynamic,6,2,0.027604,converged,9.3355418341549861,nan,nan,nan,nan,27,35,27,nan,nan,nan
minpack_lmdif,finite_difference,BoxBOD,start1,dynamic,6,2,0.0032859999999999999,failed,0,nan,nan,nan,nan,4,12,nan,nan,nan,nan
minpack_lmder,analytic,BoxBOD,start2,dynamic,6,2,0.0033859999999999997,converged,8.4843270742277763,nan,nan,nan,nan,14,15,14,nan,nan,nan
minpack_lmdif,finite_difference,BoxBOD,start2,dynamic,6,2,0.0072040000000000003,converged,8.8224888498600738,nan,nan,nan,nan,20,61,nan,nan,nan,nan
minpack_lmder,analytic,Chwirut1,start1,dynamic,214,3,0.047061000000000006,converged,9.6932586658830004,nan,nan,nan,nan,12,14,12,nan,nan,nan
minpack_lmdif,finite_difference,Chwirut1,start1,dynamic,214,3,0.063182000000000002,converged,7.7789780350782394,nan,nan,nan,nan,12,49,nan,nan,nan,nan
minpack_lmder,analytic,Chwirut1,start2,dynamic,214,3,0.031601999999999998,converged,9.9658005256641253,nan,nan,nan,nan,9,10,9,nan,nan,nan
minpack_lmdif,finite_difference,Chwirut1,start2,dynamic,214,3,0.047302000000000004,converged,8.1222142145611418,nan,nan,nan,nan,9,37,nan,nan,nan,nan
minpack_lmder,analytic,Chwirut2,start1,dynamic,54,3,0.017033,converged,7.5235425227639219,nan,nan,nan,nan,10,22,10,nan,nan,nan
minpack_lmdif,finite_difference,Chwirut2,start1,dynamic,54,3,0.021252,converged,8.1438024654499355,nan,nan,nan,nan,14,56,nan,nan,nan,nan
minpack_lmder,analytic,Chwirut2,start2,dynamic,54,3,0.0080360000000000015,converged,8.5814991741102205,nan,nan,nan,nan,8,9,8,nan,nan,nan
minpack_lmdif,finite_difference,Chwirut2,start2,dynamic,54,3,0.014067,converged,8.4587609752750268,nan,nan,nan,nan,9,38,nan,nan,nan,nan
minpack_lmder,analytic,DanWood,start1,dynamic,6,2,0.0042989999999999999,converged,11,nan,nan,nan,nan,8,9,8,nan,nan,nan
minpack_lmdif,finite_difference,DanWood,start1,dynamic,6,2,0.0056010000000000001,converged,9.4154814181086568,nan,nan,nan,nan,10,31,nan,nan,nan,nan
minpack_lmder,analytic,DanWood,start2,dynamic,6,2,0.0034259999999999998,converged,11,nan,nan,nan,nan,8,12,8,nan,nan,nan
minpack_lmdif,finite_difference,DanWood,start2,dynamic,6,2,0.003777,converged,9.307332567152196,nan,nan,nan,nan,8,25,nan,nan,nan,nan
minpack_lmder,analytic,Eckerle4,start1,dynamic,35,3,0.020258999999999999,converged,9.6970470211256306,nan,nan,nan,nan,18,23,18,nan,nan,nan
minpack_lmdif,finite_difference,Eckerle4,start1,dynamic,35,3,0.024556999999999999,converged,9.5293446631967225,nan,nan,nan,nan,21,86,nan,nan,nan,nan
minpack_lmder,analytic,Eckerle4,start2,dynamic,35,3,0.0079449999999999989,converged,9.6070705471171358,nan,nan,nan,nan,9,13,9,nan,nan,nan
minpack_lmdif,finite_difference,Eckerle4,start2,dynamic,35,3,0.010229,converged,9.3895966205277777,nan,nan,nan,nan,10,40,nan,nan,nan,nan
minpack_lmder,analytic,ENSO,start1,dynamic,168,9,1.0781499999999999,converged,6.6373055412697077,nan,nan,nan,nan,39,44,39,nan,nan,nan
minpack_lmdif,finite_difference,ENSO,start1,dynamic,168,9,3.2731739999999996,converged,6.4985149481294009,nan,nan,nan,nan,39,397,nan,nan,nan,nan
minpack_lmder,analytic,ENSO,start2,dynamic,168,9,0.97332600000000002,converged,6.5012923091577068,nan,nan,nan,nan,36,42,36,nan,nan,nan
minpack_lmdif,finite_difference,ENSO,start2,dynamic,168,9,2.82219,converged,5.9474136820074488,nan,nan,nan,nan,34,347,nan,nan,nan,nan
minpack_lmder,analytic,Gauss1,start1,dynamic,250,8,0.113591,converged,8.7133396688177083,nan,nan,nan,nan,6,7,6,nan,nan,nan
minpack_lmdif,finite_difference,Gauss1,start1,dynamic,250,8,0.25387199999999999,converged,8.8309080238962938,nan,nan,nan,nan,8,75,nan,nan,nan,nan
minpack_lmder,analytic,Gauss1,start2,dynamic,250,8,0.10847,converged,10.561506059497168,nan,nan,nan,nan,7,8,7,nan,nan,nan
minpack_lmdif,finite_difference,Gauss1,start2,dynamic,250,8,0.22703000000000001,converged,9.2317407493853576,nan,nan,nan,nan,7,65,nan,nan,nan,nan
minpack_lmder,analytic,Gauss2,start1,dynamic,250,8,0.108209,converged,10.003232237555801,nan,nan,nan,nan,7,8,7,nan,nan,nan
minpack_lmdif,finite_difference,Gauss2,start1,dynamic,250,8,0.223473,converged,9.3636027719270132,nan,nan,nan,nan,7,64,nan,nan,nan,nan
minpack_lmder,analytic,Gauss2,start2,dynamic,250,8,0.129691,converged,10.328611128027582,nan,nan,nan,nan,8,11,8,nan,nan,nan
minpack_lmdif,finite_difference,Gauss2,start2,dynamic,250,8,0.27721699999999999,converged,9.1585244568935469,nan,nan,nan,nan,8,79,nan,nan,nan,nan
minpack_lmder,analytic,Gauss3,start1,dynamic,250,8,0.12416000000000001,converged,9.2021302313312869,nan,nan,nan,nan,7,11,7,nan,nan,nan
minpack_lmdif,finite_difference,Gauss3,start1,dynamic,250,8,0.26053500000000002,converged,8.897669287955285,nan,nan,nan,nan,7,71,nan,nan,nan,nan
minpack_lmder,analytic,Gauss3,start2,dynamic,250,8,0.187142,converged,9.5913962368193495,nan,nan,nan,nan,10,19,10,nan,nan,nan
minpack_lmdif,finite_difference,Gauss3,start2,dynamic,250,8,0.27334999999999998,converged,9.0258854452686776,nan,nan,nan,nan,8,77,nan,nan,nan,nan
minpack_lmder,analytic,Hahn1,start1,dynamic,236,7,0.152064,converged,7.6576233535117968,nan,nan,nan,nan,15,25,15,nan,nan,nan
minpack_lmdif,finite_difference,Hahn1,start1,dynamic,236,7,0.20061899999999999,converged,6.9024413126322823,nan,nan,nan,nan,16,135,nan,nan,nan,nan
minpack_lmder,analytic,Hahn1,start2,dynamic,236,7,0.12315899999999999,converged,6.6623260774928745,nan,nan,nan,nan,12,25,12,nan,nan,nan
minpack_lmdif,finite_difference,Hahn1,start2,dynamic,236,7,0.17752400000000002,converged,6.4936717648416167,nan,nan,nan,nan,15,126,nan,nan,nan,nan
minpack_lmder,analytic,Kirby2,start1,dynamic,151,5,0.054506000000000006,converged,10.697723522181256,nan,nan,nan,nan,13,19,13,nan,nan,nan
minpack_lmdif,finite_difference,Kirby2,start1,dynamic,151,5,0.06634799999999999,converged,7.6381376686596241,nan,nan,nan,nan,14,86,nan,nan,nan,nan
minpack_lmder,analytic,Kirby2,start2,dynamic,151,5,0.036992000000000004,converged,7.9558275296114918,nan,nan,nan,nan,8,17,8,nan,nan,nan
minpack_lmdif,finite_difference,Kirby2,start2,dynamic,151,5,0.074193999999999996,converged,7.7917689378732593,nan,nan,nan,nan,15,95,nan,nan,nan,nan
minpack_lmder,analytic,Lanczos1,start1,dynamic,24,6,0.14000199999999999,converged,10.555778572623996,nan,nan,nan,nan,73,83,73,nan,nan,nan
minpack_lmdif,finite_difference,Lanczos1,start1,dynamic,24,6,0.219055,converged,10.553792835501275,nan,nan,nan,nan,75,529,nan,nan,nan,nan
minpack_lmder,analytic,Lanczos1,start2,dynamic,24,6,0.030127999999999999,converged,10.555428507021851,nan,nan,nan,nan,10,13,10,nan,nan,nan
minpack_lmdif,finite_difference,Lanczos1,start2,dynamic,24,6,0.023826,converged,10.554241772267137,nan,nan,nan,nan,9,67,nan,nan,nan,nan
minpack_lmder,analytic,Lanczos2,start1,dynamic,24,6,0.15088300000000002,converged,8.4354697329734591,nan,nan,nan,nan,77,94,77,nan,nan,nan
minpack_lmdif,finite_difference,Lanczos2,start1,dynamic,24,6,0.26877099999999998,converged,6.981000945960866,nan,nan,nan,nan,84,592,nan,nan,nan,nan
minpack_lmder,analytic,Lanczos2,start2,dynamic,24,6,0.018566000000000003,converged,10.397407709345508,nan,nan,nan,nan,10,14,10,nan,nan,nan
minpack_lmdif,finite_difference,Lanczos2,start2,dynamic,24,6,0.043775000000000001,converged,6.3444891345123482,nan,nan,nan,nan,14,103,nan,nan,nan,nan
minpack_lmder,analytic,Lanczos3,start1,dynamic,24,6,0.15543100000000001,converged,8.3963508435937815,nan,nan,nan,nan,82,98,82,nan,nan,nan
minpack_lmdif,finite_difference,Lanczos3,start1,dynamic,24,6,0.25537500000000002,converged,5.6461545216848883,nan,nan,nan,nan,83,583,nan,nan,nan,nan
minpack_lmder,analytic,Lanczos3,start2,dynamic,24,6,0.020931000000000002,converged,6.4075686333547752,nan,nan,nan,nan,8,18,8,nan,nan,nan
minpack_lmdif,finite_difference,Lanczos3,start2,dynamic,24,6,0.060357000000000001,converged,5.0545970857166358,nan,nan,nan,nan,19,135,nan,nan,nan,nan
minpack_lmder,analytic,MGH09,start1,dynamic,11,4,0.317245,converged,8.500734756491811,nan,nan,nan,nan,406,541,406,nan,nan,nan
minpack_lmdif,finite_difference,MGH09,start1,dynamic,11,4,0.31502999999999998,converged,7.2552524595122083,nan,nan,nan,nan,415,2077,nan,nan,nan,nan
minpack_lmder,analytic,MGH09,start2,dynamic,11,4,0.017935,converged,7.2558338884439078,nan,nan,nan,nan,34,41,34,nan,nan,nan
minpack_lmdif,finite_difference,MGH09,start2,dynamic,11,4,0.019187000000000003,converged,6.9324722391528155,nan,nan,nan,nan,31,159,nan,nan,nan,nan
minpack_lmder,analytic,MGH10,start1,dynamic,16,3,0.16514999999999999,converged,9.8058806473219544,nan,nan,nan,nan,251,292,251,nan,nan,nan
minpack_lmdif,finite_difference,MGH10,start1,dynamic,16,3,0.19440700000000002,converged,6.9351092419745655,nan,nan,nan,nan,260,1043,nan,nan,nan,nan
minpack_lmder,analytic,MGH10,start2,dynamic,16,3,0.087119000000000002,converged,8.9801585551458913,nan,nan,nan,nan,117,134,117,nan,nan,nan
minpack_lmdif,finite_difference,MGH10,start2,dynamic,16,3,0.092880000000000004,converged,7.0560881431316762,nan,nan,nan,nan,123,493,nan,nan,nan,nan
minpack_lmder,analytic,MGH17,start1,dynamic,33,5,0.93644500000000008,converged,9.7146854187118254,nan,nan,nan,nan,591,647,591,nan,nan,nan
minpack_lmdif,finite_difference,MGH17,start1,dynamic,33,5,1.3916869999999999,converged,7.0526892994768708,nan,nan,nan,nan,583,3503,nan,nan,nan,nan
minpack_lmder,analytic,MGH17,start2,dynamic,33,5,0.037642999999999996,converged,9.6942383500969846,nan,nan,nan,nan,18,27,18,nan,nan,nan
minpack_lmdif,finite_difference,MGH17,start2,dynamic,33,5,0.056459999999999996,converged,6.7960131264104406,nan,nan,nan,nan,21,129,nan,nan,nan,nan
minpack_lmder,analytic,Misra1a,start1,dynamic,14,2,0.012724999999999998,converged,11,nan,nan,nan,nan,19,27,19,nan,nan,nan
minpack_lmdif,finite_difference,Misra1a,start1,dynamic,14,2,0.014518000000000001,converged,8.3260663236960717,nan,nan,nan,nan,25,76,nan,nan,nan,nan
minpack_lmder,analytic,Misra1a,start2,dynamic,14,2,0.0035870000000000003,converged,10.12659464363899,nan,nan,nan,nan,6,13,6,nan,nan,nan
minpack_lmdif,finite_difference,Misra1a,start2,dynamic,14,2,0.0046589999999999999,converged,8.4636468962328042,nan,nan,nan,nan,9,29,nan,nan,nan,nan
minpack_lmder,analytic,Misra1b,start1,dynamic,14,2,0.018516000000000001,converged,10.925615881194449,nan,nan,nan,nan,20,29,20,nan,nan,nan
minpack_lmdif,finite_difference,Misra1b,start1,dynamic,14,2,0.018876999999999998,converged,7.9101114338632437,nan,nan,nan,nan,24,74,nan,nan,nan,nan
minpack_lmder,analytic,Misra1b,start2,dynamic,14,2,0.0051200000000000004,converged,10.910908207519546,nan,nan,nan,nan,6,12,6,nan,nan,nan
minpack_lmdif,finite_difference,Misra1b,start2,dynamic,14,2,0.0068929999999999998,converged,7.6848076916961139,nan,nan,nan,nan,9,29,nan,nan,nan,nan
minpack_lmder,analytic,Misra1c,start1,dynamic,14,2,0.0064720000000000003,converged,8.3251361185303505,nan,nan,nan,nan,7,17,7,nan,nan,nan
minpack_lmdif,finite_difference,Misra1c,start1,dynamic,14,2,0.0073549999999999996,converged,8.3158168117412625,nan,nan,nan,nan,13,39,nan,nan,nan,nan
minpack_lmder,analytic,Misra1c,start2,dynamic,14,2,0.0038270000000000001,converged,10.10306429627208,nan,nan,nan,nan,6,13,6,nan,nan,nan
minpack_lmdif,finite_difference,Misra1c,start2,dynamic,14,2,0.0043880000000000004,converged,8.2071014104787707,nan,nan,nan,nan,10,31,nan,nan,nan,nan
minpack_lmder,analytic,Misra1d,start1,dynamic,14,2,0.0052810000000000001,converged,11,nan,nan,nan,nan,9,16,9,nan,nan,nan
minpack_lmdif,finite_difference,Misra1d,start1,dynamic,14,2,0.0061219999999999998,converged,9.1071788207568947,nan,nan,nan,nan,15,45,nan,nan,nan,nan
minpack_lmder,analytic,Misra1d,start2,dynamic,14,2,0.0017740000000000002,converged,11,nan,nan,nan,nan,7,9,7,nan,nan,nan
minpack_lmdif,finite_difference,Misra1d,start2,dynamic,14,2,0.0040080000000000003,converged,8.8521593869185082,nan,nan,nan,nan,9,29,nan,nan,nan,nan
minpack_lmder,analytic,Nelson,start1,dynamic,128,3,0.17328499999999999,converged,7.9451390065762766,nan,nan,nan,nan,59,80,59,nan,nan,nan
minpack_lmdif,finite_difference,Nelson,start1,dynamic,128,3,0.27676600000000001,converged,6.2258464272303176,nan,nan,nan,nan,64,257,nan,nan,nan,nan
minpack_lmder,analytic,Nelson,start2,dynamic,128,3,0.048043000000000002,converged,9.9288683236594277,nan,nan,nan,nan,15,25,15,nan,nan,nan
minpack_lmdif,finite_difference,Nelson,start2,dynamic,128,3,0.080144999999999994,converged,6.5868943737695496,nan,nan,nan,nan,19,77,nan,nan,nan,nan
minpack_lmder,analytic,Rat42,start1,dynamic,9,3,0.0088970000000000004,converged,10.393749707387274,nan,nan,nan,nan,12,20,12,nan,nan,nan
minpack_lmdif,finite_difference,Rat42,start1,dynamic,9,3,0.010009000000000001,converged,8.6742492438200749,nan,nan,nan,nan,15,61,nan,nan,nan,nan
minpack_lmder,analytic,Rat42,start2,dynamic,9,3,0.0059920000000000008,converged,9.586954972479818,nan,nan,nan,nan,10,18,10,nan,nan,nan
minpack_lmdif,finite_difference,Rat42,start2,dynamic,9,3,0.0046589999999999999,converged,8.5557290446505938,nan,nan,nan,nan,8,34,nan,nan,nan,nan
minpack_lmder,analytic,Rat43,start1,dynamic,15,4,0.037793,converged,9.3494936077284141,nan,nan,nan,nan,26,36,26,nan,nan,nan
minpack_lmdif,finite_difference,Rat43,start1,dynamic,15,4,0.055496999999999998,converged,7.607309974906773,nan,nan,nan,nan,31,159,nan,nan,nan,nan
minpack_lmder,analytic,Rat43,start2,dynamic,15,4,0.016260999999999998,converged,8.3244074170316793,nan,nan,nan,nan,13,22,13,nan,nan,nan
minpack_lmdif,finite_difference,Rat43,start2,dynamic,15,4,0.021280999999999998,converged,7.9161152587864025,nan,nan,nan,nan,14,71,nan,nan,nan,nan
minpack_lmder,analytic,Roszman1,start1,dynamic,25,4,0.031772000000000002,converged,7.0458580555915962,nan,nan,nan,nan,6,16,6,nan,nan,nan
minpack_lmdif,finite_difference,Roszman1,start1,dynamic,25,4,0.022033000000000001,converged,7.1816859379289539,nan,nan,nan,nan,9,48,nan,nan,nan,nan
minpack_lmder,analytic,Roszman1,start2,dynamic,25,4,0.012813999999999999,converged,8.6216654984400503,nan,nan,nan,nan,6,14,6,nan,nan,nan
minpack_lmdif,finite_difference,Roszman1,start2,dynamic,25,4,0.024147000000000002,converged,6.7961958635920068,nan,nan,nan,nan,10,53,nan,nan,nan,nan
minpack_lmder,analytic,Thurber,start1,dynamic,37,7,0.10324,converged,8.3446244716268136,nan,nan,nan,nan,47,63,47,nan,nan,nan
minpack_lmdif,finite_difference,Thurber,start1,dynamic,37,7,0.14106299999999999,converged,7.2916233956217118,nan,nan,nan,nan,44,352,nan,nan,nan,nan
minpack_lmder,analytic,Thurber,start2,dynamic,37,7,0.064535000000000009,converged,8.0038767350759628,nan,nan,nan,nan,35,47,35,nan,nan,nan
minpack_lmdif,finite_difference,Thurber,start2,dynamic,37,7,0.071659,converged,7.0479089300170124,nan,nan,nan,nan,33,269,nan,nan,nan,nan
