j1,j2,j3,j4,j5,j6,j7,j8
9.9104037877288365e-01,-9.6130916740969710e+01,3.5712849641635212e-05,-1.1428111885323268e-03,3.6569958033034456e-03,1.0564080106821922e-50,-9.6153500476417711e-49,1.0314648232924809e-47
9.8216103235830077e-01,-1.9053924027751034e+02,4.9058357456207724e-05,-1.5453382598705433e-03,4.8678155185922119e-03,3.8631266630490614e-50,-3.4963247374666252e-48,3.7294130532977340e-47
9.7336124152433678e-01,-2.8324812128358201e+02,6.7054824302811120e-05,-2.0786995533871450e-03,6.4439686155001496e-03,1.4023480036920716e-49,-1.2619844294014970e-47,1.3384683342137091e-46
9.6464029348312308e-01,-3.7428043387145175e+02,9.1195956362266043e-05,-2.7814766690491145e-03,8.4835038405997980e-03,5.0533833358804413e-49,-4.5215947864847582e-47,4.7682272293839269e-46
9.5599748183309996e-01,-4.6365877868905346e+02,1.2340980408667956e-04,-3.7022941226003869e-03,1.1106882367801161e-02,1.8076663671251304e-48,-1.6081424944635689e-46,1.6861130396496812e-45
9.4743210650179832e-01,-5.5140548598404666e+02,1.6616986660727734e-04,-4.9020110649146817e-03,1.4460932641498310e-02,6.4189486611008947e-48,-5.6774392565402958e-46,5.9183003159086722e-45
9.3894347368913322e-01,-6.3754261863492150e+02,2.2262985691888897e-04,-6.4562658506477797e-03,1.8723170966878564e-02,2.2626590512908924e-47,-1.9896439922095124e-45,2.0619946828353125e-44
9.3053089581120574e-01,-7.2209197514949562e+02,2.9678576779321067e-04,-8.4583943821065037e-03,2.4106423989003537e-02,7.9174243575860728e-47,-6.9213847460256574e-45,7.1311236777234044e-44
9.2219369144460805e-01,-8.0507509263114287e+02,3.9366904065507829e-04,-1.1022733138342193e-02,3.0863652787358142e-02,2.7501622664686262e-46,-2.3900400082515224e-44,2.4479803720879228e-43
9.1393118527122819e-01,-8.8651324971309134e+02,5.1957468215483844e-04,-1.4288303759258058e-02,3.9292835337959658e-02,9.4829247832400312e-46,-8.1924110524079175e-44,8.3413639806335168e-43
9.0574270802354850e-01,-9.6642746946112629e+02,6.8232805275637658e-04,-1.8422857424422168e-02,4.9741715045939855e-02,3.2459055851934370e-45,-2.7874847596629037e-43,2.8212724537194241e-42
8.9762759643043488e-01,-1.0448385222450263e+03,8.9159371999521957e-04,-2.3627233579873317e-02,6.2612168986664288e-02,1.1029074012609865e-44,-9.4147173573205979e-43,9.4717762503952685e-42
8.8958519316341134e-01,-1.1217669285790616e+03,1.1592291739045914e-03,-3.0139958521519374e-02,7.8363892155950368e-02,3.7200759760208361e-44,-3.1564281008661641e-42,3.1564281008661643e-41
8.8161484678341606e-01,-1.1972329619318791e+03,1.4996852893298456e-03,-3.8241974877911061e-02,9.7517035938673211e-02,1.2455872634879050e-43,-1.0504566967743728e-41,1.0440902925514977e-40
8.7371591168803442e-01,-1.2712566515060901e+03,1.9304541362277093e-03,-4.8261353405692729e-02,1.2065338351423181e-01,4.1400548836003174e-43,-3.4701947637744446e-41,3.4281317969408149e-40
8.6588774805920499e-01,-1.3438577849878861e+03,2.4725630358741922e-03,-6.0577794378917707e-02,1.4841559622834838e-01,1.3659903420388817e-42,-1.1379489791530520e-40,1.1172589977139055e-39
8.5812972181139380e-01,-1.4150559112669885e+03,3.1511115984444414e-03,-7.5626678362666594e-02,1.8150402807039984e-01,4.4740285346002542e-42,-3.7041176554596773e-40,3.6143208638121706e-39
8.5044120454023298e-01,-1.4848703431272468e+03,3.9958458300846326e-03,-9.3902377006988863e-02,2.2067058596642383e-01,1.4546531812485166e-41,-1.1968496330566308e-39,1.1605814623579452e-38
8.4282157347161990e-01,-1.5533201599081954e+03,5.0417602596909790e-03,-1.1596048597289252e-01,2.6670911773765282e-01,4.6949369365461437e-41,-3.8387252968784996e-39,3.6991352860829180e-38
8.3527021141127200e-01,-1.6204242101378677e+03,6.3297154274857470e-03,-1.4241859711842930e-01,3.2044184351646593e-01,1.5042141014493009e-40,-1.2221566914254741e-38,1.1703076196680297e-37
8.2778650669473364e-01,-1.6862011141371725e+03,7.9070540515934415e-03,-1.7395518913505573e-01,3.8270141609712260e-01,4.7840877720079102e-40,-3.8624150313584523e-38,3.6751464237774372e-37
8.2036985313783106e-01,-1.7506692665961316e+03,9.8281948353796892e-03,-2.1130618896066330e-01,4.5430830626542612e-01,1.5104216869207849e-39,-1.2116661025656545e-37,1.1455752242438916e-36
8.1301964998757104e-01,-1.8138468391222709e+03,1.2155178329914935e-02,-2.5525874492821360e-01,5.3604336434924860e-01,4.7337669919562134e-39,-3.7731035344517839e-37,3.5444305929698579e-36
8.0573530187347964e-01,-1.8757517827614606e+03,1.4958134700577493e-02,-3.0664176136183857e-01,6.2861561079176909e-01,1.4727367765949375e-38,-1.1662885180307383e-36,1.0885359501620224e-35
7.9851621875937706e-01,-1.9364018304914894e+03,1.8315638888734179e-02,-3.6631277777468357e-01,7.3262555554936715e-01,4.5483405829338952e-38,-3.5785291197959239e-36,3.3182724565380384e-35
7.9136181589558385e-01,-1.9958144996886624e+03,2.2314914776966403e-02,-4.3514083815084481e-01,8.4852463439414738e-01,1.3944097590805892e-37,-1.0899188126073438e-35,1.0040464213110076e-34
7.8427151377155646e-01,-2.0540070945677062e+03,2.7051846866350416e-02,-5.1398509046065788e-01,9.7657167187524996e-01,4.2436293096505555e-37,-3.2951450360335260e-35,3.0155569723700754e-34
7.7724473806894612e-01,-2.1109967085952576e+03,3.2630755992896034e-02,-6.0366898586857665e-01,1.1167876238568668e+00,1.2820178072493165e-36,-9.8888425903528534e-35,8.9898569003207761e-34
7.7028091961507916e-01,-2.1668002268772175e+03,3.9163895098987066e-02,-7.0495011178176714e-01,1.2689102012071807e+00,3.8446805926914239e-36,-2.9458232199648520e-34,2.6601676349985636e-33
7.6337949433685326e-01,-2.2214343285202431e+03,4.6770622383958980e-02,-8.1848589171928210e-01,1.4323503105087436e+00,1.1445534107008065e-35,-8.7107976748285446e-34,7.8133215507552997e-33
7.5653990321504738e-01,-2.2749154889676474e+03,5.5576212611483058e-02,-9.4479561439521209e-01,1.6061525444718605e+00,3.3823726420808054e-35,-2.5568128181459315e-33,2.2778877834391023e-32
7.4976159223904126e-01,-2.3272599823099840e+03,6.5710273227502849e-02,-1.0842195082537971e+00,1.7889621886187652e+00,9.9223931873488285e-35,-7.4495396418516085e-33,6.5917138649111199e-32
7.4304401236193984e-01,-2.3784838835705696e+03,7.7304740443299741e-02,-1.2368758470927959e+00,1.9790013553484735e+00,2.8894887152875622e-34,-2.1545131651179985e-32,1.8933600541946049e-31
7.3638661945610007e-01,-2.4286030709662182e+03,9.0491441663695923e-02,-1.4026173457872866e+00,2.1740568859702942e+00,8.3528592516776767e-34,-6.1852577599199983e-32,5.3980431359301793e-31
7.2978887426905681e-01,-2.4776332281434479e+03,1.0539922456186433e-01,-1.5809883684279649e+00,2.3714825526419472e+00,2.3969496688980519e-33,-1.7626054130886683e-31,1.5275913580101791e-30
7.2325024237984248e-01,-2.5255898463904100e+03,1.2215066953999000e-01,-1.7711847083298551e+00,2.5682178270782896e+00,6.8279802581165288e-33,-4.9858676779194346e-31,4.2908679409973314e-30
7.1677019415569898e-01,-2.5724882268248039e+03,1.4085842092104500e-01,-1.9720178928946299e+00,2.7608250500524818e+00,1.9307906599233751e-32,-1.3999562030078025e-30,1.1963262098430312e-29
7.1034820470917726e-01,-2.6183434825580275e+03,1.6162119246533926e-01,-2.1818860982820798e+00,2.9455462326808077e+00,5.4198555563354747e-32,-3.9018978477199378e-30,3.3107012041260074e-29
7.0398375385562095e-01,-2.6631705408358139e+03,1.8451952399298926e-01,-2.3987538119088603e+00,3.1183799554815184e+00,1.5102534137319175e-31,-1.0795052867299584e-29,9.0940142336644981e-29
6.9767632607103103e-01,-2.7069841451556003e+03,2.0961138715109781e-01,-2.6201423393887224e+00,3.2751779242359031e+00,4.1775487859131607e-31,-2.9645635461466400e-29,2.4794531476862810e-28
6.9142541045030848e-01,-2.7497988573608768e+03,2.3692775868212176e-01,-2.8431331041854611e+00,3.4117597250225535e+00,1.1471040819359943e-30,-8.0813429904618440e-29,6.7099635738986222e-28
6.8523050066587032e-01,-2.7916290597127559e+03,2.6646829781352410e-01,-3.0643854248555273e+00,3.5240432385838560e+00,3.1267539749511440e-30,-2.1867179314258872e-28,1.8023856889328523e-27
6.7909109492663688e-01,-2.8324889569390025e+03,2.9819727942988739e-01,-3.2801700737287609e+00,3.6081870811016370e+00,8.4604640934116822e-30,-5.8733800317899282e-28,4.8054927532826686e-27
6.7300669593738649e-01,-2.8723925782607657e+03,3.3203994534466064e-01,-3.4864194261189367e+00,3.6607403974248838e+00,2.2725018908006516e-29,-1.5659186582707152e-27,1.2717157588380356e-26
6.6697681085847438e-01,-2.9113537793972405e+03,3.6787944117144233e-01,-3.6787944117144233e+00,3.6787944117144233e+00,6.0593203028704036e-29,-4.1441522144884081e-27,3.3404378456179293e-26
6.6100095126591252e-01,-2.9493862445485015e+03,4.0555450506332058e-01,-3.8527677981015453e+00,3.6601294081964686e+00,1.6038108905486379e-28,-1.0886473923724088e-26,8.7091791389792702e-26
6.5507863311180625e-01,-2.9865034883567246e+03,4.4485806622294111e-01,-4.0037225960064697e+00,3.6033503364058230e+00,4.2139754053391820e-28,-2.8387257643313355e-26,2.2537762128933631e-25
6.4920937668514744e-01,-3.0227188578460464e+03,4.8553689515407944e-01,-4.1270636088096753e+00,3.5080040674882245e+00,1.0991081430551203e-27,-7.3475732611949282e-26,5.7889971148808522e-25
6.4339270657295622e-01,-3.0580455343412609e+03,5.2729242404304855e-01,-4.2183393923443884e+00,3.3746715138755108e+00,2.8457611424628332e-27,-1.8877666201241052e-25,1.4758902666424823e-24
6.3762815162177333e-01,-3.0924965353656007e+03,5.6978282473092301e-01,-4.2733711854819223e+00,3.2050283891114417e+00,7.3141869232509156e-27,-4.8143335046705753e-25,3.7347556884717194e-24
6.3191524489949591e-01,-3.1260847165178061e+03,6.1262639418441611e-01,-4.2883847592909126e+00,3.0018693315036389e+00,1.8661358485323448e-26,-1.2187289398312245e-24,9.3805197187009408e-24
6.2625352365755593e-01,-3.1588227733287122e+03,6.5540625432684052e-01,-4.2601406531244637e+00,2.7690914245309015e+00,4.7263953573229103e-26,-3.0623917025960014e-24,2.3385536638005828e-23
6.2064252929343733e-01,-3.1907232430975614e+03,6.9767632607103103e-01,-4.1860579564261862e+00,2.5116347738557119e+00,1.1883009077296443e-25,-7.6382978458287513e-24,5.7865892771429941e-23
6.1508180731352868e-01,-3.2217985067082632e+03,7.3896848825894423e-01,-4.0643266854241933e+00,2.2353796769833063e+00,2.9657354014517233e-25,-1.8910988638825311e-23,1.4211894492208113e-22
6.0957090729630936e-01,-3.2520607904258104e+03,7.7880078307140488e-01,-3.8940039153570245e+00,1.9470019576785123e+00,7.3476415998562294e-25,-4.6474339155013509e-23,3.4644507370100977e-22
6.0410938285586468e-01,-3.2815221676730571e+03,8.1668648259811083e-01,-3.6750891716914986e+00,1.6537901272611744e+00,1.8070622684825067e-24,-1.1336868152683642e-22,8.3824116038024506e-22
5.9869679160572919e-01,-3.3101945607880766e+03,8.5214378896621135e-01,-3.4085751558648449e+00,1.3634300623459381e+00,4.4117191969960018e-24,-2.7450697225752903e-22,2.0130511298885461e-21
5.9333269512305209e-01,-3.3380897427622913e+03,8.8470590494348356e-01,-3.0964706673021927e+00,1.0837647335557674e+00,1.0691833741861800e-23,-6.5977155872645823e-22,4.7983386089196962e-21
5.8801665891308541e-01,-3.3652193389595877e+03,9.1393118527122819e-01,-2.7417935558136843e+00,8.2253806674410535e-01,2.5722082225249160e-23,-1.5740308167957796e-21,1.1352101042345320e-20
5.8274825237398975e-01,-3.3915948288166205e+03,9.3941306281347581e-01,-2.3485326570336893e+00,5.8713316425842232e-01,6.1428461463788162e-23,-3.7274497093912964e-21,2.6656913073222601e-20
5.7752704876195471e-01,-3.4172275475244860e+03,9.6078943915232318e-01,-1.9215788783046464e+00,3.8431577566092928e-01,1.4562728225287483e-22,-8.7617075603382553e-21,6.2128471791489435e-20
5.7235262515663332e-01,-3.4421286876919926e+03,9.7775123719333634e-01,-1.4666268557900046e+00,2.1999402836850065e-01,3.4270894633062324e-22,-2.0442950554304210e-20,1.4372013723025991e-19
5.6722456242688413e-01,-3.4663093009906888e+03,9.9004983374916811e-01,-9.9004983374916800e-01,9.9004983374916811e-02,8.0060395168768950e-22,-4.7345174002467588e-20,3.2998151577477406e-19
5.6214244519682244e-01,-3.4897802997818735e+03,9.9750312239746008e-01,-4.9875156119873004e-01,2.4937578059936502e-02,1.8566053930755145e-21,-1.0883901588057011e-19,7.5197865517484797e-19
5.5710586181217392e-01,-3.5125524587257564e+03,1.0000000000000000e+00,0.0000000000000000e+00,0.0000000000000000e+00,4.2739661331781326e-21,-2.4835314683885422e-19,1.7008427631994259e-18
5.5211440430693060e-01,-3.5346364163729695e+03,9.9750312239746008e-01,4.9875156119873004e-01,2.4937578059936502e-02,9.7667964331779775e-21,-5.6251007556374901e-19,3.8182502098872657e-18
5.4716766837030550e-01,-3.5560426767386157e+03,9.9004983374916811e-01,9.9004983374916800e-01,9.9004983374916811e-02,2.2155562768874000e-20,-1.2646370814630008e-18,8.5075585480238246e-18
5.4226525331398323e-01,-3.5767816108590332e+03,9.7775123719333634e-01,1.4666268557900046e+00,2.1999402836850065e-01,4.9891093927950183e-20,-2.8221224848133440e-18,1.8814149898755628e-17
5.3740676203966364e-01,-3.5968634583314688e+03,9.6078943915232318e-01,1.9215788783046464e+00,3.8431577566092928e-01,1.1152516069813971e-19,-6.2511439935853513e-18,4.1295436078836563e-17
5.3259180100689718e-01,-3.6162983288368318e+03,9.3941306281347581e-01,2.3485326570336893e+00,5.8713316425842232e-01,2.4747553936183718e-19,-1.3744096070343354e-17,8.9961356096792860e-17
5.2781998020120768e-01,-3.6350962036457172e+03,9.1393118527122819e-01,2.7417935558136843e+00,8.2253806674410535e-01,5.4513151715570104e-19,-2.9994747941202580e-17,1.9451139573991975e-16
5.2309091310250089e-01,-3.6532669371078664e+03,8.8470590494348356e-01,3.0964706673021927e+00,1.0837647335557674e+00,1.1920099887795231e-18,-6.4974943006384282e-17,4.1741478537434747e-16
5.1840421665375602e-01,-3.6708202581252463e+03,8.5214378896621135e-01,3.4085751558648449e+00,1.3634300623459381e+00,2.5874268956352608e-18,-1.3970679656873584e-16,8.8904325089195551e-16
5.1375951122999841e-01,-3.6877657716089284e+03,8.1668648259811083e-01,3.6750891716914986e+00,1.6537901272611744e+00,5.5752695891461728e-18,-2.9816685112201392e-16,1.8793546979811787e-15
5.0915642060754918e-01,-3.7041129599199203e+03,7.7880078307140488e-01,3.8940039153570245e+00,1.9470019576785123e+00,1.1925408017427100e-17,-6.3164144577152902e-16,3.9429738736040897e-15
5.0459457193355117e-01,-3.7198711842941393e+03,7.3896848825894423e-01,4.0643266854241933e+00,2.2353796769833063e+00,2.5321545670089964e-17,-1.3281604120069227e-15,8.2104461833155230e-15
5.0007359569576770e-01,-3.7350496862516889e+03,6.9767632607103103e-01,4.1860579564261862e+00,2.5116347738557119e+00,5.3372404408565406e-17,-2.7720323171243888e-15,1.6968197819973531e-14
4.9559312569265146e-01,-3.7496575889906007e+03,6.5540625432684052e-01,4.2601406531244637e+00,2.7690914245309015e+00,1.1167421658025780e-16,-5.7426594384705575e-15,3.4803996596791255e-14
4.9115279900368269e-01,-3.7637038987652204e+03,6.1262639418441611e-01,4.2883847592909126e+00,3.0018693315036389e+00,2.3195228302435696e-16,-1.1808479863058172e-14,7.0850879178349026e-14
4.8675225595997168e-01,-3.7771975062493802e+03,5.6978282473092301e-01,4.2733711854819223e+00,3.2050283891114417e+00,4.7824889919554838e-16,-2.4101285204638838e-14,1.4314702727603673e-13
4.8239114011512590e-01,-3.7901471878845441e+03,5.2729242404304855e-01,4.2183393923443884e+00,3.3746715138755108e+00,9.7885620288147853e-16,-4.8825958623068786e-14,2.8703745372349531e-13
4.7806909821637761e-01,-3.8025616072130674e+03,4.8553689515407944e-01,4.1270636088096753e+00,3.5080040674882245e+00,1.9888105082799290e-15,-9.8180397543736454e-14,5.7123140389083019e-13
4.7378578017596978e-01,-3.8144493161967325e+03,4.4485806622294111e-01,4.0037225960064697e+00,3.6033503364058230e+00,4.0112294514004297e-15,-1.9595721470569592e-13,1.1282385089115827e-12
4.6954083904279931e-01,-3.8258187565207286e+03,4.0555450506332058e-01,3.8527677981015453e+00,3.6601294081964686e+00,8.0310290201782361e-15,-3.8820327605342731e-13,2.2115822999407373e-12
4.6533393097431341e-01,-3.8366782608832141e+03,3.6787944117144233e-01,3.6787944117144233e+00,3.6787944117144233e+00,1.5961528427785822e-14,-7.6333921076132745e-13,4.3024573697456639e-12
4.6116471520865848e-01,-3.8470360542706289e+03,3.3203994534466064e-01,3.4864194261189367e+00,3.6607403974248838e+00,3.1491064889505582e-14,-1.4898252186476836e-12,8.3069042494295084e-12
4.5703285403707794e-01,-3.8569002552189008e+03,2.9819727942988739e-01,3.2801700737287609e+00,3.6081870811016370e+00,6.1675092353275714e-14,-2.8860998221514516e-12,1.5917277807017093e-11
4.5293801277655776e-01,-3.8662788770606971e+03,2.6646829781352410e-01,3.0643854248555273e+00,3.5240432385838560e+00,1.1990626100271548e-13,-5.5493806745058403e-12,3.0269349133668214e-11
4.4887985974271699e-01,-3.8751798291588757e+03,2.3692775868212176e-01,2.8431331041854611e+00,3.4117597250225535e+00,2.3141073597332922e-13,-1.0590919266217381e-11,5.7126776648081626e-11
4.4485806622294116e-01,-3.8836109181262764e+03,2.0961138715109781e-01,2.6201423393887224e+00,3.2751779242359031e+00,4.4333777463280460e-13,-2.0062153841969340e-11,1.0699815382383647e-10
4.4087230644975617e-01,-3.8915798490319976e+03,1.8451952399298926e-01,2.3987538119088603e+00,3.1183799554815184e+00,8.4313197721426626e-13,-3.7720284600439895e-11,1.9888877334777401e-10
4.3692225757444120e-01,-3.8990942265943131e+03,1.6162119246533926e-01,2.1818860982820798e+00,2.9455462326808077e+00,1.5917174429485086e-12,-7.0392205741414302e-11,3.6689270871282604e-10
4.3300759964087765e-01,-3.9061615563603573e+03,1.4085842092104500e-01,1.9720178928946299e+00,2.7608250500524818e+00,2.9829500474157427e-12,-1.3038422613130336e-10,6.7167631643398700e-10
4.2912801555963254e-01,-3.9127892458727297e+03,1.2215066953999000e-01,1.7711847083298551e+00,2.5682178270782896e+00,5.5492664287792156e-12,-2.3970385014671650e-10,1.2203105098378295e-09
4.2528319108227414e-01,-3.9189846058231560e+03,1.0539922456186433e-01,1.5809883684279649e+00,2.3714825526419472e+00,1.0247897260812896e-11,-4.3739418244498018e-10,2.2002252813899004e-09
4.2147281477591764e-01,-3.9247548511933451e+03,9.0491441663695923e-02,1.4026173457872866e+00,2.1740568859702942e+00,1.8786398901293115e-11,-7.9216844586536272e-10,3.9368371249066507e-09
4.1769657799799886e-01,-3.9301071023831714e+03,7.7304740443299741e-02,1.2368758470927959e+00,1.9790013553484735e+00,3.4187072044488239e-11,-1.4239904388778572e-09,6.9904985181276633e-09
4.1395417487127412e-01,-3.9350483863263316e+03,6.5710273227502849e-02,1.0842195082537971e+00,1.7889621886187652e+00,6.1757522499422657e-11,-2.5406216785804732e-09,1.2318165714329567e-08
4.1024530225904404e-01,-3.9395856375936000e+03,5.5576212611483058e-02,9.4479561439521209e-01,1.6061525444718605e+00,1.1074583804709374e-10,-4.4989861112979124e-09,2.1540600169244547e-08
4.0656965974059917e-01,-3.9437256994838117e+03,4.6770622383958980e-02,8.1848589171928210e-01,1.4323503105087436e+00,1.9713990964577623e-10,-7.9073197918526220e-09,3.7380057197848761e-08
4.0292694958688580e-01,-3.9474753251027200e+03,3.9163895098987066e-02,7.0495011178176714e-01,1.2689102012071807e+00,3.4836240728956334e-10,-1.3793743803788770e-08,6.4370804417680924e-08
3.9931687673638988e-01,-3.9508411784298414e+03,3.2630755992896034e-02,6.0366898586857665e-01,1.1167876238568668e+00,6.1107934353399183e-10,-2.3882035684854629e-08,1.1000210376054253e-07
3.9573914877123673e-01,-3.9538298353734262e+03,2.7051846866350416e-02,5.1398509046065788e-01,9.7657167187524996e-01,1.0640781230604279e-09,-4.1038825682771323e-08,1.8654011673986967e-07
3.9219347589350501e-01,-3.9564477848136785e+03,2.2314914776966403e-02,4.3514083815084481e-01,8.4852463439414738e-01,1.8393272962312750e-09,-6.9992399592124907e-08,3.1390530726165113e-07
3.8867957090175304e-01,-3.9587014296343546e+03,1.8315638888734179e-02,3.6631277777468357e-01,7.3262555554936715e-01,3.1561243661966640e-09,-1.1847783663004558e-07,5.2417467115111070e-07
3.8519714916775522e-01,-3.9605970877428590e+03,1.4958134700577493e-02,3.0664176136183857e-01,6.2861561079176909e-01,5.3759941921811814e-09,-1.9904507422290656e-07,8.6856032388177411e-07
3.8174592861344708e-01,-3.9621409930789673e+03,1.2155178329914935e-02,2.5525874492821360e-01,5.3604336434924860e-01,9.0901921642672227e-09,-3.3188800776057371e-07,1.4281241546061051e-06
3.7832562968807681e-01,-3.9633392966122929e+03,9.8281948353796892e-03,2.1130618896066330e-01,4.5430830626542612e-01,1.5257976023131738e-08,-5.4923109284367689e-07,2.3300713029731746e-06
3.7493597534556139e-01,-3.9641980673286207e+03,7.9070540515934415e-03,1.7395518913505573e-01,3.8270141609712260e-01,2.5423209869110877e-08,-9.0206871381308008e-07,3.7722873486728806e-06
3.7157669102204571e-01,-3.9647232932052279e+03,6.3297154274857470e-03,1.4241859711842930e-01,3.2044184351646593e-01,4.2050719166348030e-08,-1.4704236784706454e-06,6.0599278870305392e-06
3.6824750461366296e-01,-3.9649208821753091e+03,5.0417602596909790e-03,1.1596048597289252e-01,2.6670911773765282e-01,6.9044018986501745e-08,-2.3788168892319059e-06,9.6594382774871329e-06
3.6494814645449375e-01,-3.9647966630816200e+03,3.9958458300846326e-03,9.3902377006988863e-02,2.2067058596642383e-01,1.1253517471925912e-07,-3.8193756268354605e-06,1.5277502507341845e-05
3.6167834929472331e-01,-3.9643563866194622e+03,3.1511115984444414e-03,7.5626678362666594e-02,1.8150402807039984e-01,1.8207910349031259e-07,-6.0860232938910731e-06,2.3975243278964834e-05
3.5843784827899389e-01,-3.9636057262691143e+03,2.4725630358741922e-03,6.0577794378917707e-02,1.4841559622834838e-01,2.9244319079793957e-07,-9.6245766374638708e-06,3.7331691199859859e-05
3.5522638092495151e-01,-3.9625502792178340e+03,1.9304541362277093e-03,4.8261353405692729e-02,1.2065338351423181e-01,4.6626467278927705e-07,-1.5105434027553437e-05,5.7675293559749486e-05
3.5204368710198464e-01,-3.9611955672715312e+03,1.4996852893298456e-03,3.8241974877911061e-02,9.7517035938673211e-02,7.3796047261616813e-07,-2.3527995968074710e-05,8.8408227273977685e-05
3.4888950901015336e-01,-3.9595470377562306e+03,1.1592291739045914e-03,3.0139958521519374e-02,7.8363892155950368e-02,1.1594266522788348e-06,-3.6369159267075294e-05,1.3445567971464201e-04
3.4576359115930783e-01,-3.9576100644094372e+03,8.9159371999521957e-04,2.3627233579873317e-02,6.2612168986664288e-02,1.8082690506456374e-06,-5.5792323325705609e-05,2.0288117572983858e-04
3.4266568034839290e-01,-3.9553899482614993e+03,6.8232805275637658e-04,1.8422857424422168e-02,4.9741715045939855e-02,2.7995769525091779e-06,-8.4938496336917576e-05,3.0371947175019011e-04
3.3959552564493922e-01,-3.9528919185070927e+03,5.1957468215483844e-04,1.4288303759258058e-02,3.9292835337959658e-02,4.3026038394605337e-06,-1.2832743131834537e-04,4.5109036463418376e-04
3.3655287836473702e-01,-3.9501211333669185e+03,3.9366904065507829e-04,1.1022733138342193e-02,3.0863652787358142e-02,6.5641712387178636e-06,-1.9240435807150983e-04,6.6466960061067036e-04
3.3353749205169325e-01,-3.9470826809397381e+03,2.9678576779321067e-04,8.4583943821065037e-03,2.4106423989003537e-02,9.9411822102644838e-06,-2.8627683573360355e-04,9.7160623036859385e-04
3.3054912245786772e-01,-3.9437815800448197e+03,2.2262985691888897e-04,6.4562658506477797e-03,1.8723170966878564e-02,1.4945338524781451e-05,-4.2269644312513193e-04,1.4089881437504396e-03
3.2758752752368958e-01,-3.9402227810549384e+03,1.6616986660727734e-04,4.9020110649146817e-03,1.4460932641498310e-02,2.2304016097544625e-05,-6.1935119080785083e-04,2.0269675335529663e-03
3.2465246735834974e-01,-3.9364111667199904e+03,1.2340980408667956e-04,3.7022941226003869e-03,1.1106882367801161e-02,3.3042277458038349e-05,-9.0054618453129314e-04,2.8926635018277900e-03
3.2174370422037019e-01,-3.9323515529813644e+03,9.1195956362266043e-05,2.7814766690491145e-03,8.4835038405997980e-03,4.8592189481535800e-05,-1.2993613936660446e-03,4.0949571194323830e-03
3.1886100249834631e-01,-3.9280486897771284e+03,6.7054824302811120e-05,2.0786995533871450e-03,6.4439686155001496e-03,7.0936956764413952e-05,-1.8603852021962007e-03,5.7502815340609841e-03
3.1600412869186256e-01,-3.9235072618381655e+03,4.9058357456207724e-05,1.5453382598705433e-03,4.8678155185922119e-03,1.0279884345299664e-04,-2.6431291245949552e-03,8.0094821957422870e-03
3.1317285139257856e-01,-3.9187318894753353e+03,3.5712849641635212e-05,1.1428111885323268e-03,3.6569958033034456e-03,1.4788138003272593e-04,-3.7262305492176307e-03,1.1065775570403873e-02
3.1036694126548503e-01,-3.9137271293577664e+03,2.5868100222654120e-05,8.4071325723625886e-04,2.7323180860178409e-03,2.1117784391189070e-04,-5.2125440260345482e-03,1.5163764439373230e-02
3.0758617103032765e-01,-3.9084974752823732e+03,1.8643742331516821e-05,6.1524349694005510e-04,2.0303035399021818e-03,2.9935933044940213e-04,-7.2352043869864675e-03,2.0609370072022060e-02
3.0483031544319683e-01,-3.9030473589346921e+03,1.3369962120843802e-05,4.4789373104826738e-04,1.5004439990116958e-03,4.2125671494415608e-04,-9.9647134774669063e-03,2.7780413331119858e-02
3.0209915127828346e-01,-3.8973811506411348e+03,9.5401628730792307e-06,3.2436553768469388e-04,1.1028428281279591e-03,5.8845121674813965e-04,-1.3617052949543726e-02,3.7137417135119255e-02
2.9939245730979669e-01,-3.8915031601127375e+03,6.7734499977037491e-06,2.3368402492077934e-04,8.0620988597668872e-04,8.1598783507214826e-04,-1.8462755056177903e-02,4.9234013483141076e-02
2.9671001429404531e-01,-3.8854176371805233e+03,4.7851173921290088e-06,1.6747910872451531e-04,5.8617688053580366e-04,1.1232243088177534e-03,-2.4836768922251149e-02,6.4726125070109053e-02
2.9405160495167837e-01,-3.8791287725225411e+03,3.3635957248256407e-06,1.1940764823131024e-04,4.2389715122115139e-04,1.5348251043399623e-03,-3.3148839719077970e-02,8.4378864739471190e-02
2.9141701395008573e-01,-3.8726406983826892e+03,2.3525752000097709e-06,8.4692707200351755e-05,3.0489374592126631e-04,2.0819048883667624e-03,-4.3893972669330455e-02,1.0906987148136660e-01
2.8880602788595566e-01,-3.8659574892814026e+03,1.6372378071961955e-06,5.9759179962661135e-05,2.1812100686371315e-04,2.8033186499844421e-03,-5.7662385454225432e-02,1.3978760110115257e-01
2.8621843526798951e-01,-3.8590831627183024e+03,1.1337271387479661e-06,4.1947904133674745e-05,1.5520724529459654e-04,3.7470858060326658e-03,-7.5148167129250168e-02,1.7762294048731858e-01
2.8365402649977040e-01,-3.8520216798668821e+03,7.8114894083044910e-07,2.9293085281141841e-05,1.0984906980428191e-04,4.9719230770817477e-03,-9.7155668576950960e-02,2.2375244884388706e-01
2.8111259386278603e-01,-3.8447769462613246e+03,5.3553478027931087e-07,2.0350321650613811e-05,7.7331222272332479e-05,6.5488456401489757e-03,-1.2460246250127344e-01,2.7941158257861315e-01
2.7859393149960332e-01,-3.8373528124755362e+03,3.6531713412075119e-07,1.4064709663648921e-05,5.4149132205048347e-05,8.5627782590682096e-03,-1.5851754793646933e-01,3.4585646822502403e-01
2.7609783539719362e-01,-3.8297530747944729e+03,2.4795960180450277e-07,9.6704244703756089e-06,3.7714655434464873e-05,1.1114098258721313e-02,-2.0003335708993364e-01,4.2431318170591986e-01
2.7362410337040810e-01,-3.8219814758778602e+03,1.6746357031374905e-07,6.6148110273930869e-06,2.6128503558202692e-05,1.4320011175951122e-02,-2.5037007602397554e-01,5.1591409604940419e-01
2.7117253504559991e-01,-3.8140417054163627e+03,1.1253517471925912e-07,4.5014069887703648e-06,1.8005627955081462e-05,1.8315638888734179e-02,-3.1081084174821633e-01,6.2162168349643265e-01
2.6874293184439441e-01,-3.8059374007803135e+03,7.5246232576448304e-08,3.0474724193461566e-06,1.2342263298351932e-05,2.3254680574958643e-02,-3.8266655271189981e-01,7.4214119313822990e-01
2.6633509696760388e-01,-3.7976721476610637e+03,5.0062180207670489e-08,2.0525493885144898e-06,8.4154524929094086e-06,2.9309490912556045e-02,-4.6722935008445637e-01,8.7782483955261503e-01
2.6394883537928687e-01,-3.7892494807050425e+03,3.3140822708988337e-08,1.3753441424230159e-06,5.7076781910555160e-06,3.6670409713703826e-02,-5.6571430963289648e-01,1.0285714720598118e+00
2.6158395379094995e-01,-3.7806728841405998e+03,2.1829577951254781e-08,9.1684227395270082e-07,3.8507375506013437e-06,4.5544175058508718e-02,-6.7918953438951479e-01,1.1937270604421775e+00
2.5924026064589156e-01,-3.7719457923977220e+03,1.4307241918567688e-08,6.0805778153912673e-07,2.5842455715412888e-06,5.6151260321347318e-02,-8.0849564907137372e-01,1.3719926166059673e+00
2.5691756610368544e-01,-3.7630715907206804e+03,9.3302875745050053e-09,4.0120236570371526e-07,1.7251701725259755e-06,6.8721996406359606e-02,-9.5415664431970371e-01,1.5613472361595151e+00
2.5461568202480378e-01,-3.7540536157737070e+03,6.0542822824848904e-09,2.6336127928809272e-07,1.1456215649032033e-06,8.3491375694334388e-02,-1.1162850597883458e+00,1.7589946396664844e+00
2.5233442195537764e-01,-3.7448951562397597e+03,3.9089384342648640e-09,1.7199329110765404e-07,7.5677048087367771e-07,1.0069248457540192e-01,-1.2944855684624672e+00,1.9613417703976774e+00
2.5007360111209415e-01,-3.7355994534124625e+03,2.5112128332712955e-09,1.1174897108057266e-07,4.9728292130854835e-07,1.2054857691759228e-01,-1.4877620512143621e+00,2.1640175290390720e+00
2.4783303636722881e-01,-3.7261697017812853e+03,1.6052280551856116e-09,7.2235262483352518e-08,3.2505868117508638e-07,1.4326388008055468e-01,-1.6944341372245586e+00,2.3619384943130211e+00
2.4561254623381226e-01,-3.7166090496100474e+03,1.0209829471593342e-09,4.6454724095749709e-08,2.1136899463566119e-07,1.6901331540606609e-01,-1.9120698308565054e+00,2.5494264411420073e+00
2.4341195085092973e-01,-3.7069205995088087e+03,6.4614317731061084e-10,2.9722586156288098e-08,1.3672389631892524e-07,1.9793141231588729e-01,-2.1374411467721166e+00,2.7203796413463297e+00
2.4123107196915192e-01,-3.6971074089992221e+03,4.0688114506557984e-10,1.8919973245549463e-08,8.7977875591805011e-08,2.3010079363159802e-01,-2.3665095396454525e+00,2.8684964116914577e+00
2.3906973293609710e-01,-3.6871724910734256e+03,2.5493818803919690e-10,1.1982094837842254e-08,5.6315845737858599e-08,2.6554070271149227e-01,-2.5944472698349657e+00,2.9875453410220820e+00
2.3692775868212176e-01,-3.6771188147465296e+03,1.5893910094516368e-10,7.5496072948952752e-09,3.5860634650752558e-08,3.0419612285238284e-01,-2.8156996495427173e+00,3.0716723449556915e+00
2.3480497570614037e-01,-3.6669493056027941e+03,9.8595055759915160e-11,4.7325626764759277e-09,2.2716300847084450e-08,3.4592809817873915e-01,-3.0240913633256170e+00,3.1157304955476053e+00
2.3270121206157107e-01,-3.6566668463355277e+03,6.0856651055183322e-11,2.9515475761763909e-09,1.4315005744455497e-08,3.9050589529136609e-01,-3.2129777978059137e+00,3.1156148342360379e+00
2.3061629734240854e-01,-3.6462742772808215e+03,3.7375713279442560e-11,1.8314099506926856e-09,8.9739087583941591e-09,4.3760163963891069e-01,-3.3754396445976584e+00,3.0685814950887802e+00
2.2855006266942049e-01,-3.6357743969451412e+03,2.2840176579937026e-11,1.1305887407068828e-09,5.5964142664990692e-09,4.8678801501490415e-01,-3.5045161044231850e+00,2.9735288158742175e+00
2.2650234067646879e-01,-3.6251699625268830e+03,1.3887943864964021e-11,6.9439719324820105e-10,3.4719859662410057e-09,5.3753952629590418e-01,-3.5934690095814350e+00,2.8312180075490097e+00
2.2447296549695234e-01,-3.6144636904319264e+03,8.4024313964842976e-12,4.2432278552245703e-10,2.1428300668884082e-09,5.8923769501588208e-01,-3.6360673191062696e+00,2.6444125957136508e+00
2.2246177275037213e-01,-3.6036582567832779e+03,5.0582527428437852e-12,2.5797088988503303e-10,1.3156515384136683e-09,6.4118038842995462e-01,-3.6268789648563091e+00,2.4179193099042062e+00
2.2046859952901599e-01,-3.5927562979248446e+03,3.0298742467236514e-12,1.5603852370626805e-10,8.0359839708728045e-10,6.9259528257566716e-01,-3.5615551721062770e+00,2.1585182861250165e+00
2.1849328438476318e-01,-3.5817604109194226e+03,1.8058314375132171e-12,9.3903234750687292e-11,4.8829682070357394e-10,7.4265723890443858e-01,-3.4370913536073191e+00,1.8747771019676287e+00
2.1653566731600710e-01,-3.5706731540409569e+03,1.0709232382508077e-12,5.6223470008167401e-11,2.9517321754287886e-10,7.9050914540490191e-01,-3.2520486422534072e+00,1.5767508568501369e+00
2.1459558975469478e-01,-3.5594970472611221e+03,6.3192858851753677e-13,3.3492215191429451e-11,1.7750874051457607e-10,8.3528555168457830e-01,-3.0067211777810345e+00,1.2755786814828631e+00
2.1267289455348309e-01,-3.5482345727303118e+03,3.7102757830947319e-13,1.9849975439556814e-11,1.0619736860162896e-10,8.7613822888907511e-01,-2.7032364086935652e+00,9.8299505770675100e-01
2.1076742597300940e-01,-3.5368881752530706e+03,2.1675688826189617e-13,1.1704871966142393e-11,6.3206308617168911e-11,9.1226262481631548e-01,-2.3455788333201868e+00,7.1078146464248082e-01
2.0887902966927699e-01,-3.5254602627580571e+03,1.2599930548477415e-13,6.8669621489201913e-12,3.7424943711615043e-11,9.4292407555743407e-01,-1.9395316154716735e+00,4.7018948253858750e-01
2.0700755268115265e-01,-3.5139532067625660e+03,7.2877240958196922e-14,4.0082482527008305e-12,2.2045365389854566e-11,9.6748258790296315e-01,-1.4925351218337726e+00,2.7137002215159500e-01
2.0515284341797721e-01,-3.5023693428317069e+03,4.1941525361922238e-14,2.3277546575866844e-12,1.2919038349606099e-11,9.8541502800018910e-01,-1.0134663281544645e+00,1.2284440341266235e-01
2.0331475164728618e-01,-3.4907109710322566e+03,2.4017347816209608e-14,1.3449714777077381e-12,7.5318402751633347e-12,9.9633364297796301e-01,-5.1234787885000854e-01,3.1051386596970217e-02
2.0149312848264131e-01,-3.4789803563812848e+03,1.3684672281264976e-14,7.7318398389147125e-13,4.3684895089868123e-12,1.0000000000000000e+00,0.0000000000000000e+00,0.0000000000000000e+00
1.9968782637157012e-01,-3.4671797292895722e+03,7.7584020756960558e-15,4.4222891831467521e-13,2.5207048343936487e-12,9.9633364297796301e-01,5.1234787885000854e-01,3.1051386596970217e-02
1.9789869908361471e-01,-3.4553112859999128e+03,4.3766185028708502e-15,2.5165556391507386e-13,1.4470194925116748e-12,9.8541502800018910e-01,1.0134663281544645e+00,1.2284440341266235e-01
1.9612560169848647e-01,-3.4433771890203270e+03,2.4565953687921429e-15,1.4248253138994429e-13,8.2639868206167687e-13,9.6748258790296315e-01,1.4925351218337726e+00,2.7137002215159500e-01
1.9436839059432770e-01,-3.4313795675522611e+03,1.3720094196451332e-15,8.0262551049240286e-14,4.6953592363805561e-13,9.4292407555743407e-01,1.9395316154716735e+00,4.7018948253858750e-01
1.9262692343607835e-01,-3.4193205179138267e+03,7.6244599053897228e-16,4.4984313441799367e-14,2.6540744930661627e-13,9.1226262481631548e-01,2.3455788333201868e+00,7.1078146464248082e-01
1.9090105916394634e-01,-3.4072021039581141e+03,4.2158932381742378e-16,2.5084564767136715e-14,1.4925316036446344e-13,8.7613822888907511e-01,2.7032364086935652e+00,9.8299505770675100e-01
1.8919065798198206e-01,-3.3950263574866681e+03,2.3195228302435696e-16,1.3917136981461417e-14,8.3502821888768499e-14,8.3528555168457830e-01,3.0067211777810345e+00,1.2755786814828631e+00
1.8749558134675456e-01,-3.3827952786581459e+03,1.2698026413778767e-16,7.6823059803361541e-15,4.6477951181033737e-14,7.9050914540490191e-01,3.2520486422534072e+00,1.5767508568501369e+00
1.8581569195612968e-01,-3.3705108363922363e+03,6.9167539755414425e-17,4.2192199250802800e-15,2.5737241542989708e-14,7.4265723890443858e-01,3.4370913536073191e+00,1.8747771019676287e+00
1.8415085373814821e-01,-3.3581749687688707e+03,3.7488404577454511e-17,2.3055368815134523e-15,1.4179051821307732e-14,6.9259528257566716e-01,3.5615551721062770e+00,2.1585182861250165e+00
1.8250093184000432e-01,-3.3457895834227993e+03,2.0217158486953467e-17,1.2534638261911148e-15,7.7714757223849133e-15,6.4118038842995462e-01,3.6268789648563091e+00,2.4179193099042062e+00
1.8086579261712210e-01,-3.3333565579335605e+03,1.0848552640429378e-17,6.7803454002683613e-16,4.2377158751677257e-15,5.8923769501588208e-01,3.6360673191062696e+00,2.6444125957136508e+00
1.7924530362233052e-01,-3.3208777402109176e+03,5.7923128853948710e-18,3.6491571177987689e-16,2.2989689842132242e-15,5.3753952629590418e-01,3.5934690095814350e+00,2.8312180075490097e+00
1.7763933359513498e-01,-3.3083549488757940e+03,3.0772356381525148e-18,1.9540446302268468e-16,1.2408183401940478e-15,4.8678801501490415e-01,3.5045161044231850e+00,2.9735288158742175e+00
1.7604775245108520e-01,-3.2957899736367658e+03,1.6266646214532430e-18,1.0410653577300755e-16,6.6628182894724838e-16,4.3760163963891069e-01,3.3754396445976584e+00,3.0685814950887802e+00
1.7447043127123835e-01,-3.2831845756621633e+03,8.5558628969028639e-19,5.5185315685023473e-17,3.5594528616840142e-16,3.9050589529136609e-01,3.2129777978059137e+00,3.1156148342360379e+00
1.7290724229171639e-01,-3.2705404879478156e+03,4.4777324417183015e-19,2.9105260871168960e-17,1.8918419566259825e-16,3.4592809817873915e-01,3.0240913633256170e+00,3.1157304955476053e+00
1.7135805889335742e-01,-3.2578594156805111e+03,2.3317446562461088e-19,1.5272927498412013e-17,1.0003767511459869e-16,3.0419612285238284e-01,2.8156996495427173e+00,3.0716723449556915e+00
1.6982275559145901e-01,-3.2451430365971901e+03,1.2081820198999709e-19,7.9740013313398076e-18,5.2628408786842727e-17,2.6554070271149227e-01,2.5944472698349657e+00,2.9875453410220820e+00
1.6830120802561441e-01,-3.2323930013399504e+03,6.2289131285356644e-20,4.1422272304762168e-18,2.7545811082666841e-17,2.3010079363159802e-01,2.3665095396454525e+00,2.8684964116914577e+00
1.6679329294963877e-01,-3.2196109338068773e+03,3.1953667177483426e-20,2.1408957008913896e-18,1.4344001195972306e-17,1.9793141231588729e-01,2.1374411467721166e+00,2.7203796413463297e+00
1.6529888822158656e-01,-3.2067984314987793e+03,1.6310139226701858e-20,1.1009343978023754e-18,7.4313071851660334e-18,1.6901331540606609e-01,1.9120698308565054e+00,2.5494264411420073e+00
1.6381787279385768e-01,-3.1939570658618431e+03,8.2836770076828591e-21,5.6329003652243450e-19,3.8303722483525542e-18,1.4326388008055468e-01,1.6944341372245586e+00,2.3619384943130211e+00
1.6235012670339283e-01,-3.1810883826262789e+03,4.1861730061459700e-21,2.8675285092099898e-19,1.9642570288088426e-18,1.2054857691759228e-01,1.4877620512143621e+00,2.1640175290390720e+00
1.6089553106195606e-01,-3.1681939021409767e+03,2.1049399783397356e-21,1.4524085850544178e-19,1.0021619236875482e-18,1.0069248457540192e-01,1.2944855684624672e+00,1.9613417703976774e+00
1.5945396804650522e-01,-3.1552751197042453e+03,1.0531513477440116e-21,7.3194018668208797e-20,5.0869842974405115e-19,8.3491375694334388e-02,1.1162850597883458e+00,1.7589946396664844e+00
1.5802532088964782e-01,-3.1423335058906468e+03,5.2428856633634639e-22,3.6700199643544250e-20,2.5690139750480972e-19,6.8721996406359606e-02,9.5415664431970371e-01,1.5613472361595151e+00
1.5660947387018306e-01,-3.1293705068739978e+03,2.5970392492468468e-22,1.8309126707190271e-20,1.2907934328569141e-19,5.6151260321347318e-02,8.0849564907137372e-01,1.3719926166059673e+00
1.5520631230372825e-01,-3.1163875447465593e+03,1.2800153190516462e-22,9.0881087652666894e-21,6.4525572233393491e-20,4.5544175058508718e-02,6.7918953438951479e-01,1.1937270604421775e+00
1.5381572253342932e-01,-3.1033860178344698e+03,6.2774078897471814e-23,4.4883466411692341e-21,3.2091678484360026e-20,3.6670409713703826e-02,5.6571430963289648e-01,1.0285714720598118e+00
1.5243759192075457e-01,-3.0903673010094572e+03,3.0631908645774301e-23,2.2054974224957495e-21,1.5879581441969396e-20,2.9309490912556045e-02,4.6722935008445637e-01,8.7782483955261503e-01
1.5107180883637086e-01,-3.0773327459968746e+03,1.4872921816512705e-23,1.0782868316971710e-21,7.8175795298044906e-21,2.3254680574958643e-02,3.8266655271189981e-01,7.4214119313822990e-01
1.4971826265110166e-01,-3.0642836816800977e+03,7.1853356359021996e-24,5.2452950142086053e-22,3.8290653603722820e-21,1.8315638888734179e-02,3.1081084174821633e-01,6.2162168349643265e-01
1.4837684372696586e-01,-3.0512214144013260e+03,3.4540319570138653e-24,2.5387134884051906e-22,1.8659544139778152e-21,1.4320011175951122e-02,2.5037007602397554e-01,5.1591409604940419e-01
1.4704744340829723e-01,-3.0381472282588293e+03,1.6520917823142719e-24,1.2225479189125613e-22,9.0468545999529526e-22,1.1114098258721313e-02,2.0003335708993364e-01,4.2431318170591986e-01
1.4572995401294303e-01,-3.0250623854006712e+03,7.8626785029845563e-25,5.8576954847234950e-23,4.3639831361190028e-22,8.5627782590682096e-03,1.5851754793646933e-01,3.4585646822502403e-01
1.4442426882354201e-01,-3.0119681263149687e+03,3.7233631217505106e-25,2.7925223413128830e-23,2.0943917559846624e-22,6.5488456401489757e-03,1.2460246250127344e-01,2.7941158257861315e-01
1.4313028207887982e-01,-2.9988656701166901e+03,1.7544007135665607e-25,1.3245725387427534e-23,1.0000522667507789e-22,4.9719230770817477e-03,9.7155668576950960e-02,2.2375244884388706e-01
1.4184788896532274e-01,-2.9857562148310785e+03,8.2252806516066852e-26,6.2512132952210811e-24,4.7509221043680221e-23,3.7470858060326658e-03,7.5148167129250168e-02,1.7762294048731858e-01
1.4057698560832743e-01,-2.9726409376736920e+03,3.8370829053445330e-26,2.9353684225885678e-24,2.2455568432802543e-23,2.8033186499844421e-03,5.7662385454225432e-02,1.3978760110115257e-01
1.3931746906402701e-01,-2.9595209953271255e+03,1.7810666347570930e-26,1.3714213087629616e-24,1.0559944077474806e-23,2.0819048883667624e-03,4.3893972669330455e-02,1.0906987148136660e-01
1.3806923731089285e-01,-2.9463975242144534e+03,8.2259805951439030e-27,6.3751349612365250e-25,4.9407295949583069e-24,1.5348251043399623e-03,3.3148839719077970e-02,8.4378864739471190e-02
1.3683218924147039e-01,-2.9332716407694006e+03,3.7802778447760720e-27,2.9486167189253364e-25,2.2999210407617622e-24,1.1232243088177534e-03,2.4836768922251149e-02,6.4726125070109053e-02
1.3560622465418973e-01,-2.9201444417033217e+03,1.7285752440372642e-27,1.3569315665692524e-25,1.0651912797568630e-24,8.1598783507214826e-04,1.8462755056177903e-02,4.9234013483141076e-02
1.3439124424524895e-01,-2.9070170042689801e+03,7.8646859357664751e-28,6.2131018892555149e-26,4.9083504925118570e-25,5.8845121674813965e-04,1.3617052949543726e-02,3.7137417135119255e-02
1.3318714960057060e-01,-2.8938903865211978e+03,3.5604345564510651e-28,2.8305454723785968e-26,2.2502836505409843e-25,4.2125671494415608e-04,9.9647134774669063e-03,2.7780413331119858e-02
1.3199384318783022e-01,-2.8807656275743948e+03,1.6038108905486379e-28,1.2830487124389103e-26,1.0264389699511283e-25,2.9935933044940213e-04,7.2352043869864675e-03,2.0609370072022060e-02
1.3081122834855588e-01,-2.8676437478570419e+03,7.1883933949531957e-29,5.7866566829373215e-27,4.6582586297645440e-26,2.1117784391189070e-04,5.2125440260345482e-03,1.5163764439373230e-02
1.2963920929029901e-01,-2.8545257493630938e+03,3.2058193233950011e-29,2.5967136519499508e-27,2.1033380580794605e-26,1.4788138003272593e-04,3.7262305492176307e-03,1.1065775570403873e-02
1.2847769107887502e-01,-2.8414126159003999e+03,1.4225737013624792e-29,1.1593975666104205e-27,9.4490901678749276e-27,1.0279884345299664e-04,2.6431291245949552e-03,8.0094821957422870e-03
1.2732657963067387e-01,-2.8283053133361586e+03,6.2811481476060214e-30,5.1505414810369371e-28,4.2234440144502891e-27,7.0936956764413952e-05,1.8603852021962007e-03,5.7502815340609841e-03
1.2618578170503877e-01,-2.8152047898394148e+03,2.7595090675220421e-30,2.2765949807056849e-28,1.8781908590821901e-27,4.8592189481535800e-05,1.2993613936660446e-03,4.0949571194323830e-03
1.2505520489671404e-01,-2.8021119761206714e+03,1.2062939277811485e-30,1.0012239600583534e-28,8.3101588684843319e-28,3.3042277458038349e-05,9.0054618453129314e-04,2.8926635018277900e-03
1.2393475762836008e-01,-2.7890277856686153e+03,5.2469023967954085e-31,4.3811635013241662e-29,3.6582715236056784e-28,2.2304016097544625e-05,6.1935119080785083e-04,2.0269675335529663e-03
1.2282434914313546e-01,-2.7759531149840045e+03,2.2708129220263912e-31,1.9074828545021684e-29,1.6022855977818215e-28,1.4945338524781451e-05,4.2269644312513193e-04,1.4089881437504396e-03
1.2172388949734589e-01,-2.7628888438107570e+03,9.7788606158146343e-32,8.2631372203633654e-30,6.9823509512070433e-29,9.9411822102644838e-06,2.8627683573360355e-04,9.7160623036859385e-04
1.2063328955315832e-01,-2.7498358353642438e+03,4.1900931944943974e-32,3.5615792153202375e-30,3.0273423330222018e-29,6.5641712387178636e-06,1.9240435807150983e-04,6.6466960061067036e-04
1.1955246097138099e-01,-2.7367949365568534e+03,1.7864367185175071e-32,1.5274033943324686e-30,1.3059299021542606e-29,4.3026038394605337e-06,1.2832743131834537e-04,4.5109036463418376e-04
1.1848131620430775e-01,-2.7237669782208309e+03,7.5784452676184299e-33,6.5174629301518500e-31,5.6050181199305909e-30,2.7995769525091779e-06,8.4938496336917576e-05,3.0371947175019011e-04
1.1741976848862698e-01,-2.7107527753284426e+03,3.1989034167257888e-33,2.7670514554678074e-31,2.3934995089796532e-30,1.8082690506456374e-06,5.5792323325705609e-05,2.0288117572983858e-04
1.1636773183839319e-01,-2.6977531272094693e+03,1.3435401977587408e-33,1.1688799720501047e-31,1.0169255756835910e-30,1.1594266522788348e-06,3.6369159267075294e-05,1.3445567971464201e-04
1.1532512103806256e-01,-2.6847688177660962e+03,5.6147280923879347e-34,4.9128870808394433e-32,4.2987761957345130e-31,7.3796047261616813e-07,2.3527995968074710e-05,8.8408227273977685e-05
1.1429185163559014e-01,-2.6718006156851907e+03,2.3347227834872729e-34,2.0545560494688003e-32,1.8080093235325443e-31,4.6626467278927705e-07,1.5105434027553437e-05,5.7675293559749486e-05
1.1326783993558948e-01,-2.6588492746480274e+03,9.6598513005833355e-35,8.5489684010162524e-33,7.5658370348993830e-32,2.9244319079793957e-07,9.6245766374638708e-06,3.7331691199859859e-05
1.1225300299255297e-01,-2.6459155335374662e+03,3.9768030979016801e-35,3.5393547571324945e-33,3.1500257338479202e-32,1.8207910349031259e-07,6.0860232938910731e-06,2.3975243278964834e-05
1.1124725860413336e-01,-2.6330001166426282e+03,1.6290194262205044e-35,1.4579723864673514e-33,1.3048852858882793e-32,1.1253517471925912e-07,3.8193756268354605e-06,1.5277502507341845e-05
1.1025052530448527e-01,-2.6201037338610927e+03,6.6396771995807348e-36,5.9757094796226623e-34,5.3781385316603961e-33,6.9044018986501745e-08,2.3788168892319059e-06,9.6594382774871329e-06
1.0926272235766643e-01,-2.6072270808986364e+03,2.6927510004561698e-36,2.4369396554128339e-34,2.2054303881486149e-33,4.2050719166348030e-08,1.4704236784706454e-06,6.0599278870305392e-06
1.0828376975109819e-01,-2.5943708394665614e+03,1.0866106407459781e-36,9.8881568307883989e-35,8.9982227160174432e-34,2.5423209869110877e-08,9.0206871381308008e-07,3.7722873486728806e-06
1.0731358818908407e-01,-2.5815356774766065e+03,4.3629500292687261e-37,3.9920992767808843e-35,3.6527708382545092e-34,1.5257976023131738e-08,5.4923109284367689e-07,2.3300713029731746e-06
1.0635209908638715e-01,-2.5687222492335090e+03,1.7430708966452916e-37,1.6036252249136683e-35,1.4753352069205748e-34,9.0901921642672227e-09,3.3188800776057371e-07,1.4281241546061051e-06
1.0539922456186433e-01,-2.5559311956252100e+03,6.9291249388157102e-38,6.4094405684045316e-36,5.9287325257741918e-35,5.3759941921811814e-09,1.9904507422290656e-07,8.6856032388177411e-07
